userId,enrollmentId,courseId,engagement
158,rQS0kpxX,16,0
130,3AStlgcU,13,0
172,E2UsVdTq,18,0
271,fh9DWDHa,13,1
246,tmdGzFZb,20,1
133,JXOgeRSC,7,1
297,ZelKutIJ,13,1
203,MjVxsjJT,20,1
135,Gs0zOMyg,12,0
246,9QSHBxnK,8,0
126,N8sqpKOE,17,0
85,xpWP3h5H,7,1
111,YA9AAvgy,18,0
143,Rh4AZ9uM,7,0
107,RmyjsCVX,20,1
165,vml9xj0E,13,0
79,WD8qP7Xv,14,0
240,9Gkqcrwr,15,1
110,9mGXbzXq,12,1
112,kqSlrt1x,12,1
41,qN7Vw1Pf,10,0
264,19ICnhgt,12,1
16,3gYtfW4O,8,1
296,Cjvnp9zv,9,0
36,3bo0bYgo,17,0
281,5d6i44YQ,3,0
107,TjemKZtb,2,1
97,WUG8sGnV,11,1
192,BDWRcnuy,8,0
155,O8cYGtMp,6,1
92,6cFVAYZZ,8,1
262,iizdD8tV,9,1
109,fqS6E87h,16,0
71,IIfnfrcA,12,1
287,mnMC8lUS,13,1
13,j1MOiQtL,8,1
186,jmRSRy3K,17,1
20,CwhwAsxq,5,1
255,ULGhADx0,15,1
190,ByYnmrfV,5,0
28,4zaaVlTJ,15,0
98,4BLnY9UO,8,0
255,fQnxnjlh,19,0
178,6pfsa8Tk,11,1
167,Vxmn2v2T,14,0
80,G4sQfxvW,18,1
293,Pxwz3QBT,20,0
136,2KVGmG1d,19,0
184,JNJapjkf,15,1
168,TIqiBoBH,8,0
198,iqrpKSij,15,1
166,guHi9V8M,9,1
70,1Cp32IhU,3,1
237,M2EWH1It,16,0
196,X6sJTUx6,19,1
155,oWCMSfLl,1,1
246,uOUCxoeI,2,1
291,orhMJTer,11,1
105,jIGPVVaK,20,1
218,tkoUCGT4,8,1
128,R7TOURoe,11,0
217,cYHswH4x,4,1
155,dYq7vq01,9,1
1,RLpjoQ2M,17,1
41,AoRMVjut,2,1
231,ZukTUQbN,3,0
235,nubqDuzq,13,0
95,enWKE7gU,17,1
25,iZBXeYKH,20,1
273,V7uDNupw,2,1
254,LFEov1uD,17,1
70,ORS4Ma3E,1,1
221,xIEMYA9I,6,0
151,iCmSvUxY,9,1
40,qUwnb5rQ,10,0
237,dpUUH9jL,6,1
178,eqEwqwof,8,1
71,3jrlA38U,4,1
93,nzY4qLuL,12,1
214,VNDtYUCM,20,0
298,zx7YA5RX,9,0
267,eHqCjqcE,18,1
193,sZJ21OEv,20,1
136,Ive5TLET,18,0
43,ItfMggv4,18,1
244,9IpuOkTT,11,1
39,XCDx33NA,10,1
266,qgysCupc,3,1
153,hLoZlkIU,7,1
124,rx3zuKCb,16,0
288,n8cTROOT,1,1
14,RKOhS4Yq,7,1
13,auMaT1uW,17,1
101,6tP4Cp8v,11,1
28,Um1r6wNc,6,1
25,UTw2BgnR,1,1
194,U53Ivlv1,11,0
200,FUtYaicV,18,0
283,91WomRBZ,13,1
35,96J3nf2E,7,0
28,lTPkFMAi,1,0
234,p5nCHboI,18,1
259,FYLuFwKF,2,0
98,mZ8Cc4vC,7,0
121,gGovRCIL,8,0
125,fdjpeGwb,18,0
244,FL2pshmh,15,1
34,Q3Vcu0wx,12,0
224,5QW37WDM,17,1
242,70zccHAg,12,0
78,INMyjjby,15,1
196,goThjU8I,17,1
14,PLPBqBs9,6,1
76,AY4boFA7,4,0
161,tlPcxMhD,11,1
193,bWtmAjMv,4,1
115,ETEZ02BB,7,0
118,W8AZBWHG,8,0
254,1s9SFJw4,13,0
170,LN5GbP1c,13,0
187,qp270XDP,13,1
18,wInUjIF5,1,0
106,c7iSRHre,1,0
184,0OMKjNvN,10,1
31,TzKYcYmg,11,0
292,zgXBId57,1,0
151,Fxi6WBaC,15,1
75,2jY3lT5p,11,0
20,2QDOVTt5,19,1
290,pOh35SSp,6,0
142,dOg365Sg,11,0
224,cP9MCYQk,7,1
264,c8NKHgKE,9,1
293,CJCrmagG,8,0
194,zxxQzJqg,17,0
276,UjFypMSE,3,1
203,d098OEhv,8,1
280,LSm11P22,7,0
184,81INQoKZ,3,1
225,ZicwROUN,20,0
287,2s7aAndx,6,1
130,l5vOBTDc,11,0
295,pAGU8I04,17,0
72,MU2pm2sF,10,0
60,Opz880iU,19,1
212,X5IyULe8,15,0
69,uarbjfSf,10,1
185,5HC2CB2Z,1,1
14,ZhaiIUmE,1,1
299,W7xnpeo4,12,0
8,JY36gxSp,16,1
244,39n39eON,17,0
72,JedbmX76,15,0
234,XtiKmjyd,6,1
22,wXT6jYbc,11,1
271,nYRIKv5X,3,1
218,b62pKfoP,12,1
138,6HohqQy2,10,1
212,GUwaUmrj,19,1
99,gAgAYlN1,14,0
118,TI81MeVl,18,0
180,lI1bWvdq,19,1
128,1p9arZAJ,2,0
105,RZ7cihJx,7,1
67,lsQcksHZ,15,1
293,k6r2vkTu,19,0
196,ASvK7fCz,7,1
263,Kxm71aPo,1,1
96,X4WGuGe4,3,0
211,PQIxGyXd,18,0
116,caWcxDBs,13,1
161,WGQnQqW3,8,1
96,pLSIbDMp,8,0
152,351k7x8P,17,1
9,flWoeMDN,2,0
108,FVHrgS9t,3,0
275,wgtz0MxL,14,1
248,JxWHzqff,11,1
16,KuBWisDH,4,1
54,Xt1hrtxS,19,0
127,HbcNU0sR,5,1
93,Ujf78cHa,9,0
218,wtFdH1Nb,11,1
216,5WHdYQhO,14,1
250,lBCK3yIy,4,1
53,3H1cH5Ad,9,1
218,Lr3VtCv4,14,1
235,oFSVyrnz,16,0
237,58hBrhaw,20,0
129,IbSq8LYM,4,1
103,OC1YAALa,2,0
122,VJxdwMSU,2,1
257,8pli7rbl,14,0
227,sjTmxTPF,2,1
104,VoX521Jk,9,1
138,U9q1U0FC,14,1
271,B1g0LK0V,16,1
154,NtiZggBF,1,1
158,6ht0XOsX,11,0
146,tiZN1RWh,5,1
272,rqbqE1T8,5,0
279,8CimvsWz,6,1
6,DiZfqjfa,8,1
158,UwY9Nmfc,13,0
227,kOE6RJTY,17,1
231,LsFmDFYh,1,1
110,eW2bjMXa,1,1
254,Z2idX7zD,15,0
86,EMl6Vcpi,13,1
178,ZSVkdp7F,3,1
129,ueNkEBbC,6,1
61,aaTokOXf,18,1
15,6OTfo61b,9,0
25,eFEJjZqA,7,1
262,OZB9Vp5g,8,1
95,nQiy4jq6,19,0
236,ACtscF6M,5,1
112,0KXzvtur,11,1
73,LchouYm0,15,1
241,PYFearoN,19,0
24,jN7QCsnv,9,1
279,vLiUzyFY,13,1
163,fP1PehWp,14,0
187,H86ICLIT,14,1
268,SMfBsxxM,10,0
288,r2rRHNw4,14,1
126,TtFzTKgQ,1,0
217,DLpQRIiY,16,0
61,IpdEsyye,20,0
158,9LQAVkk2,3,1
89,NVpp6Ufg,13,1
214,1igZkOBW,3,0
41,3qZ9ovMC,14,1
94,Z19MTqaI,6,1
110,PnXJrGBH,15,1
5,M1fdz0jG,12,0
96,pmQKZyUj,11,0
139,uy9eRXFL,14,1
61,iBKL4hKh,16,0
165,qt96Llkn,9,0
84,gBCXr2ZU,2,1
78,Dy2oDVni,9,1
144,51vpEANP,3,1
145,Ob6Jqlc8,16,0
110,D4YTvKed,20,1
188,m7rrXhvB,3,1
5,Td1JEkDE,7,1
174,vzv7nTGR,3,1
265,GpPQNfiy,3,0
45,ichbUnYi,8,1
51,mYyLjCeU,11,1
246,LKQurMrm,1,0
15,Huou0Nq7,19,0
75,S9b5iQPo,20,0
204,uUpI9Gie,17,0
85,mDByQ3B1,18,1
264,fyp0XlrD,7,1
297,oRIfAtO2,15,1
161,Y1ZNll0U,7,1
2,352o3yPm,12,1
49,Wt36G87r,14,1
299,Hqhe83u3,17,1
29,OsoBsrA5,20,1
151,PF95Ksdx,5,1
21,fTioxYfB,6,1
33,WjvwmZMf,7,0
60,Ef03oLSX,10,1
156,P8cdo2af,11,1
287,0e8W5GKI,5,1
80,Ei6zXYW9,7,1
72,zcGThGBZ,18,1
124,FNdacRGU,20,0
82,NsO76VWu,17,0
212,1g4hQSls,20,1
114,LL9P3UNd,10,0
223,iJqzLo3q,15,0
21,LIQXA3c6,10,1
1,vfxxUmm0,19,1
82,5mSQmS27,4,0
107,8HpdIBiz,19,1
193,q65BSkY3,16,1
289,tmuUbBZr,12,1
79,4TBLvCBn,19,1
236,AFouYDku,9,1
113,VqeimZVm,18,0
74,EHSwPfI0,6,1
210,LLkpiFGZ,4,1
223,KsYsTv2a,14,0
181,VNVIRbo9,6,1
142,kSNV2ggO,5,0
62,tTh30d4H,12,0
43,borec8So,14,0
165,LhYJ5IxC,6,0
171,iwb3RNR1,3,0
246,Q72b9gZT,10,0
35,QTlpazPT,6,0
186,Gl1Ynbbb,4,1
186,FgYzAHIT,13,0
44,JPe9SSm5,11,1
23,bzQhXfj1,11,1
189,n19u40w0,17,0
248,Zd8gQlRl,16,0
37,LmobF8Mc,2,1
156,lnIzhyX9,18,1
83,WgFZFvh6,11,1
251,z161S213,16,1
96,U1dIUIMK,5,1
106,mu1Rw6HJ,16,0
266,yojI5hAu,6,1
207,R588ASjp,8,1
201,AkBJTzh2,7,0
285,LtjLBj9k,11,0
253,2Gll1AJu,13,0
135,pvJcL4QA,4,0
68,yh9eLGxx,15,1
88,3amgYTjL,9,1
180,JeluwU1P,5,0
162,sGR0p4lT,14,0
263,Jq7ca3tk,20,1
170,JWoA9H5D,16,0
156,zIgfixeT,13,1
104,tJaLzmNp,11,1
239,ba2z1ohk,11,0
288,fKIgIJIG,10,0
217,Cwvdw6PK,13,0
141,av7oMDau,6,1
77,sNarIYKS,7,0
177,SdhZS04c,7,1
72,30ARGtVP,20,0
220,hFCCbu0V,1,1
183,DKqUxXSV,16,1
230,JwN5o5gi,13,1
40,TpvzAmg6,14,0
7,xwzsxw3a,16,1
268,lHAdZmNd,16,1
132,Ox1Os3za,10,1
2,Zl47G8of,6,1
27,XXwY5Grp,12,0
202,d2OFaPNA,4,1
203,iWq8Lnqg,15,1
22,wkloLP9N,17,1
171,MoUX5AKg,10,1
171,UaxQO9iq,20,0
276,nRMNwOz3,16,0
70,gQxtXgQc,9,0
97,XFSn8Kbw,12,1
87,rjNWhpPq,7,1
143,gd9zZDbW,2,0
54,bDBMrRNj,15,0
243,B0CITPj0,19,0
207,QJJOTfBm,16,0
88,c3f6NSf0,16,1
300,igIbjg0Z,20,0
79,WUfTfMTc,3,0
294,anBm6QFB,4,1
131,KZKZs7Kh,1,0
262,T1L5ut6b,6,1
15,i0MIdgqc,7,0
59,19504c9X,5,0
137,nOXIPO8k,6,1
272,mPzSUqXi,7,0
58,cEsmDnLf,11,0
149,oDsA3ESg,9,0
60,pfUHI93j,7,1
130,fas3aud0,12,0
209,C6qZNEMa,19,1
75,XGyvQ8zg,3,0
178,vcVKUk5h,16,1
192,csPwwoBm,10,1
159,jnPdRoid,2,1
134,9Nj8mUVL,15,1
54,fJLJfi6P,10,0
70,4fEI7CX2,12,1
185,wceDWLv4,4,0
206,WVxdow8f,19,1
85,ll0Pj3sB,5,1
231,tc9qs48i,6,1
115,8hsPqTcZ,12,1
226,UaD998NI,10,0
153,4vuvCPfn,11,1
63,FArl0lPD,6,1
136,ErtDNDcj,4,0
224,V5AvVzws,1,1
4,G4joXiZs,9,1
245,UzqGV7hR,5,1
128,Iy243OD1,4,0
5,eyvrksyg,10,0
25,TD2h5l54,3,1
92,PlFrTGxg,2,1
69,O0pV6gRU,9,1
50,78kLX8pY,20,0
117,GJ1GF6Sr,18,1
125,OaudK4U4,4,0
173,H5XBjXrO,19,0
162,ucaK7JUN,3,0
118,mrjuUtuf,14,0
187,Us2b9svt,3,1
138,a33T8KUy,8,1
284,CufX118R,6,1
28,lihQLatZ,10,1
72,Ho9sGDg1,3,0
187,UCEYzWXm,20,1
60,nYeuG2BX,13,1
48,VrzLHEou,15,0
287,cRIDH0VG,19,0
60,SNh88iFl,20,1
230,rOjE6pp0,14,1
155,ahpG5ubw,10,1
128,MNtjiyEb,14,0
121,il9vXKIJ,11,0
33,ZJMUvLdW,3,0
92,ds4aTZG8,12,1
268,VoomfzsP,18,0
181,AqEOfqVJ,4,0
188,qjqltloQ,13,1
39,xPvSPiMb,14,0
247,h4gW1cYv,13,1
205,ZoKB4eoO,3,1
253,ppIjyRay,7,0
177,884vkYq1,8,1
249,A6k4jTWJ,11,0
142,pGG9v2j6,15,0
183,AgT3eDNk,8,1
83,FPYCarxa,13,0
78,ZGcun1QG,8,1
208,HJMunEW9,15,0
181,1mW1vomo,3,1
26,ILcsKgj4,9,0
127,rsnbAnu3,17,1
194,o4mZeQ1h,4,0
122,xWiCBsbO,5,1
24,I4VGXu6D,5,1
164,xrNZzZNz,18,0
216,rL7RN9QV,6,1
274,fc4eqj6h,3,1
133,TLR7AhBx,17,1
245,uuiOBshF,9,1
222,R6j7Z1PS,1,1
32,uGLnItrs,10,1
104,ZSTLuNdj,19,1
146,5YGtU3pu,16,1
204,8geRUowE,3,0
47,inliscQ6,14,1
250,Tek2i6KB,19,1
199,YTu7aDZm,11,1
62,vVU0D8SY,3,0
296,4YNCwsf7,19,0
154,GWBsoAO2,4,1
60,pmRgrDfD,9,1
256,CPB2s4Q8,4,0
10,fApl4Mfp,11,1
74,vXEwlOb2,9,1
268,mr84i5mc,12,0
26,vwCPDCqP,13,1
252,YaYocqKY,18,1
70,xeerBpeI,8,1
10,hGzYmHc6,14,1
69,2zj1Yd2E,14,1
290,NvVBYLTU,18,0
95,Bjxy1ocM,8,0
267,F82kIRdZ,11,1
50,CJBsiXbS,8,0
44,OeR3NP3N,9,1
45,5zjMXulc,11,0
70,ZcVB4vML,20,0
11,4Mc2wJZM,13,1
292,ut7SdmJH,2,0
223,db5NTan9,6,0
9,jgxT7JlJ,18,0
130,4idJcZ6j,16,0
206,iCxtpTBy,13,1
109,bJVBjuze,5,0
1,iAqazcHs,12,1
223,oaOMjIKj,7,0
2,Solgtnjx,13,1
107,Jsd2ZjOC,11,1
159,mj9KZA4f,16,0
142,lvyMbVax,12,0
82,X0AuB5vy,16,0
47,BUGstudm,1,1
237,9dN85CJU,18,0
274,hsYpb0Rr,10,0
176,7YGq8TvR,11,0
266,RrQR5zfM,4,1
154,C3aDVTub,11,1
102,mOZGTGv1,9,1
51,RMD5sbTt,3,1
145,SOspUiOX,15,1
38,TpbCAhOF,11,1
250,Bi861VQ9,11,1
67,auzZXOBh,12,1
197,ZKnGxrVC,7,0
136,5wPrhzge,10,0
39,bgMboBlr,11,0
67,Vkuoq2P4,10,1
82,xjI3UV6r,1,0
215,h9HPcgJo,8,0
9,WXYtZmiq,4,1
279,taKwhXX6,11,1
44,Ck20mS76,6,1
161,g93hqQpi,15,1
69,pHCRazDp,13,1
178,SajCX5y5,9,1
259,tQIUOqKI,3,0
43,0VBWYn4p,3,0
50,JM6HZbx4,3,1
139,l0yPotpR,18,1
35,QrkiXinS,10,0
49,Yn98uDM4,8,1
120,ta452sDl,4,0
63,LA3btEC0,11,0
273,lRtkGRYE,17,1
59,pi6NBKSo,8,0
228,EdF05u7u,1,1
244,tAhGKbW1,19,0
189,V8LztTh4,14,1
130,7qSb2hJp,2,1
284,lddcQPts,4,1
204,NKlXknAw,9,1
39,CmqOnURb,18,0
282,YZsIR9XL,16,0
248,y7X9oAWp,12,0
55,aKW1QkYG,13,1
148,vHh3nrIS,17,1
86,f9MfmUq0,16,0
158,UNciiyee,20,0
76,QOABL8xh,3,0
191,7eJHeEsL,12,1
6,CwsLfr17,17,1
255,vMKPh2Ds,14,0
17,ksmlNTGR,16,1
169,7fnYbjni,20,1
139,H18SqHbO,3,1
246,8PZ5kV6z,16,0
254,t94qUo5T,5,0
291,cChvd5pl,17,1
300,lqdazx0a,1,0
117,5S6U02ZQ,4,1
162,oj3QiNii,6,0
108,xdUl1Qlc,2,0
247,H1NF4c2v,18,0
81,Y7tucwg7,4,1
154,hbFPA9qh,6,1
265,r4c2hcaA,11,0
245,lEiulp2z,14,1
238,xWmBZ6zB,2,1
109,QY7bD2l9,3,0
48,UxQ4pf7o,17,0
294,NB52CrU6,13,0
108,o68LXpKT,16,1
63,hUthl3Qz,10,0
199,n8glNgMb,10,0
154,4TuACqmR,14,1
216,hq5JHOyq,4,1
47,0dNXrIQ4,12,1
23,T33YqQ5H,17,0
249,VE3ixiHP,18,0
1,USKP2vA0,15,1
72,DqAkrOEM,1,0
100,B6mHV0Hu,3,1
68,XW6mxy8f,8,1
92,4xt19cwA,18,1
25,ZpkFqht3,8,1
221,e7ouIblp,14,0
59,cYS74C4V,4,0
84,rKIXMj8k,16,0
157,84HVq4W9,2,0
255,hmHiBDHx,2,0
273,q3Pbqdsm,20,0
253,SzJErkEX,10,0
152,9nOgJI9X,5,1
253,mvqwAnlG,16,0
233,HmGMfcle,1,1
253,LAzN5FYr,20,0
96,MUwYHozk,6,0
114,EH9pfZv9,12,1
139,mSZ0GZTZ,19,1
178,kn6Lijpf,18,1
175,sjx4Y2Pn,19,1
109,K1XGr8W4,15,0
192,nk5kXE87,7,1
261,abi3BUCO,19,0
172,tp2DwuuB,2,0
153,UFsohSYt,6,1
175,e4omD1Lr,18,1
213,iu5RXKSy,14,1
48,iyDi7m4U,7,0
178,AIYsOrJh,14,1
37,ZdPb42qR,1,0
15,jSsvAxH9,16,0
298,82qb7Cel,1,1
181,8HiUgsp9,16,1
142,gSLBMkjA,8,0
251,oNOluXYK,7,1
261,vY1NN4q5,5,1
4,XLRq3hjK,5,1
224,tYdXW0D4,20,1
52,j1zOnjsM,16,0
234,mMHpHJ3Z,8,1
292,ZUoEL90T,15,0
51,q6ISLGAW,14,1
224,JWQBJKXo,11,1
242,pgvYGk3A,13,0
251,MEpiTuRg,18,1
78,RZSQ1Lf6,2,0
223,34ffpAqX,10,0
269,Xo3za4j4,7,1
246,ds7LjCLi,19,0
209,wI3mqvW1,6,0
5,JJQ6sDcU,1,0
146,Pa5bx3Wi,18,0
104,kGoPJBXK,20,1
81,YUpSca3I,17,1
141,xabAFSZp,17,1
242,lQ7m52Ff,5,0
217,EYDHkCvZ,5,0
33,S8mvaJ9B,13,0
248,VMRpD63c,19,0
207,XwY1DCm7,19,0
146,hlVWrFQv,10,1
224,5GZoTAOL,14,1
126,bSJu6ywd,19,0
126,lDitARaE,7,0
280,X25MkJiM,19,0
100,gj6E5ia5,8,1
4,kYVWzl8d,19,1
286,GMHzInaO,8,1
247,hgS7fyPM,2,1
269,b9SPRgWb,2,1
182,qgPgNCmu,14,1
41,6ih6KqVM,8,0
275,tf7EMXAP,4,1
57,m2qNp4ic,13,1
263,O89W5TKJ,4,1
38,exVjRVlD,8,1
240,lBvwyeak,17,1
232,GjxoRPIp,3,0
233,T6UlPepJ,6,1
114,AKaLxUi3,13,1
35,X9E8veu1,12,0
68,shhk154L,18,1
242,TaSRcdcG,14,0
269,j53LiI6l,11,0
48,A8XJ6ezr,2,0
124,ifDzbxID,17,0
100,duXk3Wg3,7,1
232,SdBjwcee,18,0
31,5llRkzB0,17,1
273,Z12bgn9z,14,1
34,9aGCc3Wp,5,0
37,21KITRjQ,17,0
199,RIVHdjGl,17,0
73,JS0XNPPr,9,0
157,2iMilOXp,11,0
212,lvlM4Qhl,13,1
183,SMH087Cy,2,1
208,xckEa7SP,20,0
116,SOWPQCwz,14,1
150,FDRssG4J,15,1
153,tDesm93z,10,1
165,5HUhg6CF,19,0
35,wk5okGR6,8,0
147,Rn30iJQl,5,0
169,qJtnSlyH,7,1
250,g8TrAc7R,1,0
19,9QvTyLTU,4,1
264,DVWWbzl3,4,1
85,5JwD5qmG,8,1
164,eJz8e1jK,14,1
186,VxGxXOwc,12,1
130,kCHKRYhD,4,1
186,yanFgNv2,9,1
239,4MZe5VLT,14,1
215,lWa1C0VJ,4,1
68,8PA24aeR,9,1
137,muanhImj,3,1
271,mQFHV3CE,6,1
38,klwncfzP,14,1
229,m3GJ7pTp,12,0
81,gi0tPaSE,2,1
93,mGBakk5t,3,0
295,PNMJ40W2,15,1
130,zIpzHUDj,8,0
33,5AAtHZuL,20,1
184,hDCo8Y3r,13,1
214,s1LYEvhK,5,1
119,gRj8dS3A,8,1
230,ytv0ceBB,18,1
72,T2Ahn5h9,12,0
139,iKLyZSJn,17,1
101,OCY6Bguu,6,0
116,gc2sDTkY,17,1
207,beh9Eovi,7,0
192,5hups20V,2,0
118,ePNOhPGO,19,0
99,0o9D7ECm,8,0
268,OawG6zrE,3,0
224,cuVtHlMQ,5,1
146,7vdbeTpn,8,1
297,QJBaOScC,10,1
19,QBGb5HUA,14,1
107,LdtZK6rR,13,1
273,ZvoFGJD3,9,0
294,3eQJZav0,20,0
13,7gZSikpf,4,1
273,xBPGEPFq,12,0
21,jhpt7W53,20,1
11,nByxDiyU,14,1
200,4gineped,15,0
242,XhJtf5Ih,20,1
26,BpM3j3UT,10,0
155,HErijm52,2,1
297,XwROCLCz,11,1
239,IfhMKPq3,17,0
210,yQgg0NSL,15,1
178,HlYHjJ3U,6,1
246,JLY9VveF,5,0
197,ArZ0yunb,11,0
187,44Ia14Z7,2,1
224,XeYOM8vp,3,1
245,BMpoM9zV,8,1
218,8bFGkt4u,20,1
240,Dw9O3r6s,12,1
151,NYuVkSxl,1,1
300,OJyrcgLf,14,0
186,3tqA3Coi,11,1
15,pYXTDWo7,5,0
164,KW2eO9Hm,13,0
245,izZ4SzdI,18,1
45,uyDrNlLS,20,0
200,p1v8bFJv,16,0
80,1A5Dlcpi,13,1
144,mzwNsCnF,5,1
291,Qs4I6ehF,19,0
20,zTIf89Dw,15,1
4,Fhc8PDAq,11,1
44,YclSl2M7,3,1
53,lMDWz1Fm,8,1
142,Dfcyc3mT,6,0
177,M1NEpwiL,13,1
49,cUVG6EcG,3,1
13,sLxfCS3v,10,1
127,3Eiv7bc0,16,0
204,qeFo2SEB,19,0
288,N7zKtUta,2,0
252,VHz1vrbe,15,1
217,QVc7edjD,6,0
167,rYDO9PQP,18,1
112,fMkNowN2,4,1
122,qeHPrXhl,16,1
239,subzBb3t,15,0
97,1s3x0Xao,16,1
265,BuJGSw7o,13,0
199,NxbiPAKM,6,0
145,RovNzEMV,10,1
121,OGDTSOBW,10,0
84,umIFeq4f,18,0
25,oBcsNdsN,16,1
76,eJ9yMmQx,1,0
299,YQqle4hV,1,0
107,uvkLNFAw,12,1
213,eY3mKaKy,4,1
202,2ZMyntor,10,1
217,yAaWcyse,18,0
280,MY093LEf,12,0
49,W9ADiFs7,11,1
132,sDkSeOpm,8,1
166,a1v2bLNU,3,0
163,VF6yDVZY,8,0
159,25RrQWQD,20,1
101,iriMqvpI,7,1
199,8hHIF3Ac,5,0
61,xesxoTCX,6,0
47,4wZBVxKe,18,1
127,fHviShPJ,2,1
31,y8Ssux4c,3,0
48,NfP2jB2B,13,0
194,URUNap3P,6,1
27,acFsOEUf,20,1
40,bh5LPPi6,16,0
17,OhPhkLb8,13,1
69,X4K8H5tG,6,1
2,KyzvJPU3,2,1
211,BspV7drx,2,1
263,n92UP9On,15,1
173,5YxscPy9,11,1
91,4pxu32nG,13,0
181,fipKuLOc,10,0
104,m52topyW,8,1
53,i4XBSh1C,20,1
71,JNdEZcqc,13,1
26,x8PjiIkM,5,0
203,vRTO9NIR,6,1
103,wSkp1ObM,12,0
252,uGyXfXdw,3,1
97,5mQZ8S7f,8,1
235,ir7XONOF,12,0
87,ahSCsGJB,18,1
212,itilJaou,18,0
201,hGHSO1Z5,16,0
215,sxnDpYkl,7,0
232,NDRHqzPO,17,0
87,3f6nhA6B,15,0
176,lx5rxEjY,1,1
55,Z0ExHsyb,9,1
85,WMAQC0b3,1,1
58,j0Bwcho9,19,0
51,2c4tsyTe,16,1
295,CSd7FoGw,7,0
32,grADi12j,12,1
222,vd9WvNKc,3,1
127,EGM3TCVQ,13,1
215,3Ocb430y,3,0
129,snyDCf4A,19,0
218,qjVAnAyU,3,0
222,1AHgC1Bx,16,1
128,ntyg8l2W,3,1
64,ffOGkQrd,14,0
167,bu5hfVmS,8,0
129,Jy94RDEn,5,0
10,otP7jIm1,4,1
275,eShEGkKj,5,1
165,8k9oP7i6,10,0
189,V8Ws6iAv,5,1
60,4WbC8VFd,6,1
275,wgc48jeS,12,0
205,uuWD6OUH,14,1
215,zLnUmxEa,16,0
110,gsiO1gAh,6,1
67,OEMdfkxd,5,0
91,FAuZpV10,11,1
13,2yJrPNwJ,15,1
74,ARjvDDOk,2,1
11,Fb1vJeW2,5,1
31,GSf4KRTp,1,0
202,02g2bsvT,19,1
86,dSrDs2c5,14,1
273,z6bEdHzK,6,0
251,Qg5PJrS0,9,1
152,jpCDXrC0,7,1
116,lnfZWJ8u,1,1
6,JKra4VR8,3,1
73,nxcx741A,3,0
90,oItHmUqT,15,0
287,M1xg0PC1,20,1
243,m5YJwyYr,17,1
177,SmlybgVU,4,1
135,vBOdhFkI,16,0
183,yeVqVXJw,4,1
144,KklZiGuQ,16,1
246,f46nbtW8,18,0
196,d5RFhfBA,8,1
211,8wMpgahQ,9,1
129,wfnQnvR0,12,0
225,drmLoO6z,18,0
202,LKsu6aQj,18,1
212,mNnY7r10,3,1
117,0SG1CVKe,14,0
247,6fE4oODU,8,1
102,EL1Vn0to,7,1
95,sGw63QQw,13,0
122,poH11k6s,18,1
143,2J9tpPT0,13,0
48,YZWkih0y,1,1
230,7ELcqu61,15,1
14,Cvk20C2t,12,1
99,hwzXuJGt,5,0
146,OYVpSijG,3,1
8,6g7Rk2NU,11,1
166,gMI972iF,2,1
106,glnr30wv,6,0
20,2uxCuoEv,16,1
220,7ajfjibn,3,1
228,CNj9mPOi,14,1
108,PoKevn5z,12,0
82,GuDBmA9A,14,0
175,5VM16oCt,20,1
179,EodoW0yc,20,0
267,nYXorN9W,9,1
7,P15rAqi0,7,1
179,7tuGw9Vo,3,0
10,G4ZxxCVK,12,1
85,3K7oy3Y6,2,1
94,Liuzeexj,19,0
153,KzeeFZ7z,1,1
148,QEHipbOG,2,1
282,2fIjySHw,6,0
153,uLLZY071,12,0
111,eGZSQH2s,13,0
274,6DRDnT5E,5,1
222,mgGfqiDo,12,1
297,21kGqL2I,16,1
166,OScgli1c,1,0
205,LOnojglh,9,1
57,mTXkWjaR,1,1
272,zTA5Fuu6,15,0
51,A9g0VO40,7,1
279,ANEWQViG,12,0
287,d3kIOkxF,16,0
65,S2p7qsAi,3,0
288,2b48mJuq,16,1
120,3XrWsTwb,6,0
219,4mp58oS4,20,0
201,CMd4ejZN,12,0
25,SpMPOT3c,9,0
250,adeliF2c,20,1
197,3Webojpu,15,0
64,tTKnMDVi,8,0
190,cKPdvmGn,19,0
84,PDRJ3WLh,15,1
114,Je90lHWD,3,0
16,uVzYrq7k,16,1
142,PzE0fKlG,10,0
251,iBjROwXg,2,1
62,tQvRzWG5,19,0
247,y45NcXAr,19,1
286,b90cGi4T,1,1
48,HLHQP2r9,9,1
197,RLwuq2qO,20,0
287,k7wjcx0R,15,1
271,DBZKCyQI,9,1
106,hhc6g0ko,14,0
32,b7123dnO,7,1
104,CZSFwvh8,1,1
88,9dTFGTKU,15,1
159,RQC9T6dD,9,1
185,kp7mYJQK,20,0
187,ZwiftcMs,9,0
100,TDXzYoGi,19,1
143,QxvPRI3p,19,0
268,z4xwWP0T,19,0
55,sLAnwRgJ,19,1
98,rYzSRBMM,18,0
220,4VN7LldY,2,1
281,F3yhm5W9,2,0
107,epYC1J43,6,1
220,td7n0sXl,13,1
80,fSHhcYzE,20,1
177,X5LaXTOB,20,1
110,KY6ReBsc,9,1
207,J8tYRZpB,4,1
111,Lp8e0FlR,3,1
97,lhFQM1dc,15,0
167,IpPdI9AE,13,0
226,lBNLv4Zw,16,0
236,tB66h13d,7,1
86,fnN1dRYp,3,1
173,f5uYio9T,15,1
275,2elJLTyG,6,1
203,hfAOxwTK,1,1
124,xM918zR0,7,0
283,WXV5HKc6,17,1
21,wtBt2wZK,3,1
290,pzFYbj6Y,12,1
152,ChdTZmSd,2,1
131,msT8V4nY,20,0
245,7GHgufha,16,1
16,2sgERL0D,17,1
296,hK0QlzhQ,10,1
248,TufmKJML,4,1
183,V8E4Aqu3,6,1
195,vtcutzD3,2,0
75,WPJivXeO,10,1
8,rg8vct5C,20,1
169,TuhlMI5y,3,1
154,svw8u4os,16,1
242,NMw9Xnh8,15,0
176,pm4OEC97,7,0
183,WTRqGTTt,12,1
55,G3qAf2fY,6,1
300,3G2ufr2G,3,0
3,uJsmOSlO,9,1
45,CVaHli0j,15,1
206,FPpT9VTw,1,0
86,dEQZxXc9,12,0
71,M0rCF5nr,10,1
280,t6huITaV,5,0
176,PYBl9Rl3,17,0
252,KgIDvCw2,14,1
237,vjfji6C6,4,0
171,3wUxCJG4,6,0
166,6VJtEm9G,11,0
45,DEON187l,9,1
129,z3A5pNhm,2,0
77,w3PxGny6,14,0
284,ovWZZ0ej,17,1
35,1tSk4i7y,19,1
293,fgN7ZeAK,2,0
225,qOLoFPHg,12,0
173,TYlh7Ky2,12,0
98,y46bFimv,2,0
106,RGY1Bkdn,11,0
57,X5v93atF,11,1
19,SVQQXfOj,16,1
141,hzBQi8A0,5,1
249,8hJ2yTJ6,2,1
39,5azb2NRC,9,1
218,laDACQz0,5,1
31,BTBd4IaA,18,0
88,YmUMVNEL,6,1
92,CiU1wRTp,7,1
158,TFuJGjsb,2,0
188,bzSOHtA8,10,0
264,ZFHwi3cA,2,1
266,vafUzfN8,11,1
18,FMpS5yg0,12,0
280,5krTG4Ji,8,1
267,ZiH8Auy3,4,1
13,0qupUGTN,13,0
199,tmbEfnnm,7,0
245,NmuaarLm,4,0
201,KOeRXMsA,6,0
219,A38vJAWb,3,0
76,vtZSHYfJ,11,0
77,LTnod6XL,11,0
160,c5ARqWn4,1,0
287,nkpFDiCV,1,0
84,bSId7Qop,3,1
25,ov9jtLAz,12,1
79,G1knqOik,12,0
78,Qf14TQje,16,1
137,RvXQ8TNG,16,0
103,KBIJAjXn,4,1
117,GjrlK2jk,15,1
171,7GLuEvjH,16,0
57,JG1L9V3z,4,1
130,rrBWfC7D,19,0
9,zNaL55Fc,19,0
178,McvJoETf,1,1
249,IkM9cQ4u,12,0
117,Y9DY3q35,1,1
248,H4iUlRYk,5,1
41,ZYtSILlI,11,0
69,wMcPSYlV,2,1
231,gJ5UnFgc,10,1
73,Jx98DHaB,1,0
145,cQrCBFCQ,3,0
296,O19nMlne,6,0
228,ql7QOOC3,9,1
89,RftbFf7K,15,1
59,pB8ZRDoy,12,1
274,NwFWtlNW,8,1
134,DNrTfQm4,1,1
153,LXygo2qo,18,1
45,wuFtqiAA,16,1
200,bnRAw3iX,12,1
77,Q1wzWKNM,1,0
6,KSnyY4nw,19,1
71,8QG3qbuc,17,1
296,zGK7LKh5,1,1
93,qG72g4BZ,19,0
43,fu7Pr3GN,12,0
80,cLbRDPFl,19,1
25,0szqDaJJ,11,1
259,zEMC6XFO,17,0
211,nLRg4WQK,6,1
273,8uksAAjm,1,1
105,7AuN4BP4,18,1
44,OdQ2WJlr,14,1
215,P4tvrtjk,13,0
52,tqyLBpV4,11,0
100,im55HVLV,17,1
116,63cA6GOf,11,1
174,m1CPJo9w,12,0
105,61eD53AU,11,1
140,q7KghUXr,1,0
69,WmExHmQg,7,1
243,r4bPja89,1,0
268,IRrIlSGW,17,1
284,OjFNiogS,1,1
251,1ckPSP6g,8,1
222,qAijYi0G,17,1
93,bp4mkXBn,17,0
73,m73ltyl3,5,0
115,yyhzGInb,20,1
197,brPfiKg6,19,1
254,15pgg9sN,2,0
152,zLjFO1pk,6,1
152,us5evNCg,13,1
93,6FCeuZMM,7,0
260,B20TJEQk,9,0
47,LIruMWPb,3,0
187,Ip9sGiQG,4,1
255,i5TUTklZ,11,0
151,JNAbTKMe,7,1
131,F3tprgIA,18,0
146,GEvmHEU2,19,1
211,Y0lloaoL,3,1
8,WQ1vIj1u,1,1
205,jtyguiq4,20,1
66,Fe6U4XWP,9,1
57,JdJTgm5C,5,1
221,aqN4iPLj,5,0
271,S5TVcChR,5,1
254,cWPAqoa5,10,0
77,doOYuCJx,13,0
175,5yLM7Lcg,15,1
176,uPSGfYXN,16,0
155,Jr1BS9Js,15,1
125,KExqeQ0e,14,0
237,pLXiXuDT,8,0
149,1BIP93xA,4,0
225,sF3lxWGJ,13,0
149,9KWOmKxo,3,0
166,GCrkSt9H,19,0
127,weBN22Tz,12,1
57,m4IekIgk,18,1
48,ZlBsWfpc,14,1
120,uk1GofzA,5,0
210,1DeB9qdP,9,0
117,bqAfTuk8,10,0
287,sJGSi04e,11,1
154,j747RjBP,2,0
218,O9QZlhQW,7,1
108,8YJLhSqx,6,0
30,BHNJMGQo,7,1
17,5KQoT37P,1,1
1,0g7Fg5Fq,13,1
175,66yHP7Tp,9,1
37,J7U2Z7es,15,0
207,MnWGK8eT,15,0
293,0w7JjJ6Y,12,1
134,OdaKpbHZ,17,1
216,qiKoOuys,20,1
91,xH7AbVGm,2,0
204,6GO5CEe1,16,0
110,Gaq2cwQ4,5,1
292,nyrq84c0,6,0
127,UnCKWEnD,6,1
261,gE1ddG8e,11,1
10,AokAKROe,18,1
167,cJw8OCAm,16,0
208,ujxOgJmB,19,1
57,A0vEG8OH,6,1
147,NpJhRwYB,10,0
293,sfwKCyD8,10,1
205,XnPjsgvz,6,0
29,pDEVVwF5,9,1
282,7aY04EUv,7,1
276,amjjtDH1,14,0
97,Dv3qnxo2,17,1
263,wPCQDHAe,18,0
124,3hTEJmhu,10,0
112,7WFqGsS6,14,1
1,1u74V6Pj,20,1
260,ACv27YDt,12,1
230,9r30DV8e,12,1
177,NNyTYWrG,14,1
231,Dl3qvdSH,8,0
208,ifQ63gv9,11,0
281,Ght5f6uH,17,0
271,X7Ovc4yf,1,1
100,g2SXbSRs,10,1
283,kCgRQXwW,10,0
90,U351zhoG,11,1
70,E7SoZ8Wd,2,1
88,u3fL4vtH,1,1
84,TY4BvieK,5,0
241,7ROXyOWe,13,1
23,PZki9Qe8,16,1
263,7Coz36eX,19,1
290,5HcDkIT9,14,1
229,1wZ9dQDx,9,1
278,TDPDi9NZ,2,1
130,ecziBaMG,1,0
190,NMA75tb1,6,0
138,2aWrtB4L,18,1
247,45Rph7Sa,20,1
243,Bmbc06N8,5,1
122,INz6aywz,19,0
83,RoDYYi3s,14,0
150,HY9UQ4tP,20,1
72,gqGMkurG,11,0
118,StZRokW2,4,0
117,hbnBFYYX,11,1
272,CvERswZ4,19,0
281,Zbym13B3,11,1
52,Wwgoo8ru,10,0
291,ZGCGuovv,13,1
2,FBgUO0Lg,20,0
45,sE9V1CvY,10,1
175,BGjzhkP2,6,0
28,pogza1BA,14,0
211,MLoBRurs,8,1
60,VsaUThsY,1,1
180,9GwF0qKO,2,0
80,nlgAqJj4,10,1
156,ooobUWIo,2,1
216,R899SVgE,12,1
213,EHMrXnAZ,20,1
285,ZglDvN1v,7,0
147,vGkatize,19,0
179,q0XjTfYF,17,0
239,G1wk43LM,3,0
49,CEYATGVV,20,1
299,cwSSX6el,11,1
9,h17xEuA3,7,0
211,gNVJVXNd,7,1
38,FTCPaba2,9,1
255,0DF5G4ek,8,1
147,fvrKmggp,8,0
186,Q9Jc14yh,16,1
257,EMjl4QxN,12,0
247,3ej1JxK8,10,1
234,fHZmWQDF,12,1
267,vSBhF7D3,2,1
88,QIhboBsa,12,1
264,240zkWNY,19,1
177,EcX601D9,17,0
197,2dI1gTfn,2,0
8,zpDNPbKM,3,1
269,S1xThUAU,13,1
207,Wh7u2EIR,14,0
87,EPMzrC94,9,1
83,MbNPau97,17,1
188,Ylyys930,6,1
40,wvFsnFEI,7,0
198,UTx3a3vD,10,0
156,fw7ZNB8v,1,1
8,bCFR4QWC,15,1
197,K8QZUUYn,18,0
224,SrygvfQx,6,1
216,zktTppU9,11,0
124,1MHb5uUa,6,0
259,a8OoVMs8,11,0
260,M2UUD1od,2,0
188,MKdbqTTN,14,1
92,wcjdw77j,15,1
122,ehG8D9Gu,14,1
300,zOGQ6lOW,19,1
58,aXp7RJxR,4,0
66,Fs4RTbfH,18,1
55,ThVijHLG,12,1
55,24UbRfd3,17,0
243,HF0sQjtm,9,0
156,84vnlmJL,4,1
212,7pnYoDiT,11,1
268,ZDjb9s9E,2,0
27,MOnQkQXJ,16,0
21,hKqDPyX0,19,1
182,yfPN1tYH,11,1
166,0KDKA4FM,5,0
41,Z4XCoGa2,4,1
92,p9F7BLTI,5,1
209,wvO0EFcw,1,1
238,LIfAXiNL,11,1
293,pL7ICkZi,9,1
28,sQG5ZZlT,11,0
177,8A39bnqH,3,1
177,thX9Xwji,11,1
73,z40v8RxA,18,1
64,LzKcp6pB,5,0
150,TTkaCL53,1,1
35,colVkN00,3,0
202,qN8TOFX0,5,1
283,gChYxT2S,9,1
269,CK8Ei2cZ,19,1
257,0pQpkd1Y,5,0
205,GBzdTbcK,4,1
260,VN2XADPn,3,0
108,Wu2G3ahO,4,1
198,RMWVJyRh,12,1
112,mlNxzwkO,20,1
8,TNzAS1nQ,5,1
109,GaOUIjJN,8,1
293,cYb1VRQb,4,0
188,DMBaJxrk,4,1
116,BLDrAx6y,6,1
30,iv4qV7sa,20,0
291,hLwBjRBP,5,1
142,hgzQXAye,1,0
126,fmSG8n3T,11,1
149,fP7fj8ig,5,0
255,EY8pjslv,17,1
82,RzOngYg3,10,0
87,F47enDbP,8,0
73,XqwWSSKn,12,0
6,LwSrvSso,16,1
166,39pTaN6L,13,0
13,RTaJentV,9,1
19,3UACgkjT,7,1
11,bN8cmVq1,4,1
280,HTwAinXo,3,0
278,PZ51zwAf,9,1
85,KNRl85RJ,12,1
207,2Z1GesFl,9,1
35,HvwiJTPY,2,1
238,hQG44Whe,16,1
282,PZoxoYPG,13,0
212,6xacZ4L4,14,1
263,DMkkLBI3,9,1
114,1YkoG02K,6,1
298,tUyZs7Wk,14,0
119,3Uk71vq6,2,0
125,nSoftd3b,19,0
122,LgQxMc5p,1,0
251,K04RQhCR,15,1
265,ClBq6bxP,1,0
119,ShIHcyiU,20,1
154,lmBje3mg,20,1
290,yHtzDcGs,7,0
73,iU68qDaA,2,1
65,UPUWCYoH,18,1
260,K0YMABZB,5,0
15,qidHdV0x,4,1
91,aV8Hc78C,15,0
130,5BHvJlqr,5,0
231,IIPiK4MV,4,1
146,fN1OwkfY,17,1
153,cRODj4VJ,2,1
241,f2SrjeDF,17,0
153,CMk967cZ,15,1
21,wYE3vTTD,12,1
227,blo5tqQp,15,1
236,7KplkCjW,3,1
265,D7brxVJp,2,0
10,A2aCtL7H,1,1
82,iqjndUQP,12,0
35,CZPaodff,5,0
198,vMBnCZ8z,2,0
79,Wognx7Wn,7,0
160,F3KdDXy7,20,0
117,DmHm645W,5,1
225,uthoBa6S,5,0
194,TtVeI6LF,9,1
243,AhlnsWsd,8,0
149,QVpMebdu,8,0
168,araAdVYm,10,1
74,DiQ0VQ2G,11,1
164,Mau97okW,4,0
120,3UGEcgpu,14,1
185,FcJxrQ5g,15,1
114,emuNmuEa,2,1
140,C3vEiBKh,7,0
198,IKSQ56Ck,13,0
229,QZDLENq3,20,0
55,dbD0XSu7,20,1
161,5yq9JaCX,16,1
77,yrS6nAx0,6,1
174,fQSaXer0,6,0
98,1PhDOUXD,11,0
159,HZ8g3hqz,15,1
37,d7aFbQQl,16,1
128,CDq0bWmZ,16,0
112,xCy6zswO,2,1
118,lKwncdl4,5,0
292,bvZu7TkP,19,1
284,pZTtTUH8,14,0
13,J4khyojt,5,1
76,Y48nLOHO,8,0
71,gcOYuaQy,6,1
214,9MP8ymTY,10,0
180,S6lUpoKR,6,0
225,QeaDy7kn,7,0
209,fVHfhoLM,15,1
133,vtD8IXL1,5,1
283,pSkNV3oO,11,1
162,Hd8nFksy,12,0
171,VMa5Z6MR,17,0
21,cA3h0shy,1,1
278,COhfXwGi,8,0
168,LbyEfenG,14,1
112,J9bBKM53,1,1
129,eMWTiRT8,10,0
79,9fw5D6rq,1,0
11,HwotHS24,18,1
9,PixhViWj,1,1
177,g1FD0oZm,1,1
68,5F6WGCZy,5,1
141,bjTon9V3,12,1
89,oRg6v4gx,9,1
267,vmH6IGY2,8,0
220,x0T1tnrz,12,1
109,ZFHAg9ep,9,1
300,Gemcikzk,11,1
40,jKKYe78a,1,0
157,oUiQyprf,15,0
150,R1Yg46rf,9,1
219,nWCcrRJf,14,0
249,j1KKkyey,8,0
242,EWOuR6v2,2,0
241,Gyjuicno,8,1
289,6lmkAE8B,5,1
100,Weakyj32,16,1
263,91DfxyEp,5,1
157,usMcZhdX,20,0
251,ZGWDqzLT,11,1
231,JspvWCur,7,1
179,8GYfdkVx,18,0
26,3ZTCQefB,12,0
241,53PYuM9M,18,0
32,y1GbALaq,14,1
133,tbKf6Jty,9,1
16,sde4Gnzi,7,1
66,VCNoLdS0,20,1
157,OOi5zjlV,9,0
83,ioDGmi8e,16,0
289,Kajuobyn,14,1
96,uF4iFk2f,4,0
23,yVJCibCy,18,1
203,rsSqCLtG,17,1
187,FvgGLUlL,7,1
26,GBQd4FTr,15,0
252,ZMXP3XF7,2,1
291,LtKZ6pSy,2,1
145,756aDOlR,2,1
145,Kg1GQxIn,8,0
164,k7yqtl3R,11,1
113,AF4bAE5I,8,1
127,l7mFGVZP,9,1
190,q7q8zgt5,11,0
124,Jx5iNec1,14,1
78,jkkjUfLJ,14,1
183,WvsYrBnz,13,1
147,FLanaPDb,14,1
29,x8nd46yT,17,1
291,QT47vjr7,20,0
175,0GrwHkbW,12,1
86,An4MPebT,9,1
184,VXoVs7Dq,18,1
40,T9MXinjH,4,0
205,CRlQaIxg,15,1
103,bAbgHj6O,16,1
76,cWj77roL,10,0
183,X8IeEfr4,7,1
119,6EnAQ5JR,17,1
228,0xaVIxPZ,19,1
32,gQrIfltE,16,1
213,XEhVu72u,8,1
25,EaSvt5UT,4,1
150,A9j59yH9,5,1
8,aHBWSbWO,13,1
232,ZC2l10tF,14,0
97,Vl5ISuEj,7,1
168,RrykodpD,3,0
237,1OKKL4DJ,5,0
22,pjeb5Mza,20,0
273,LLjJltj4,7,0
40,zAL7ZLrf,19,0
90,i0aegcLd,7,0
128,Sb79GbU4,6,0
235,y4glud2h,3,0
137,rZwlcp40,20,1
265,aXGz08P6,14,0
273,d2WMUcEu,15,0
229,BHVGrBpo,8,1
75,Fm1hbvHq,13,0
157,b0t2khTt,14,0
143,ggUqOaKf,8,0
207,Z8NisgFV,10,1
288,TQZSUOqP,9,0
94,S0H7Y0Oz,10,1
137,KfzPPGFc,2,1
20,CS21vnmT,18,1
257,08ediptl,13,0
211,SajWe44p,19,1
77,h1KBPeRn,19,0
100,2aAxQTcX,5,1
281,5xjC7VjQ,4,1
96,0SvtjB7p,14,0
12,38chpXj9,15,0
180,f9AWWmsN,12,0
75,zWSlGEs9,14,1
266,EQsAg6aR,9,1
135,Bc0cPig0,1,1
199,93ReeIKQ,18,0
292,nmizCeuP,10,0
152,RPUcWhqj,16,1
132,eFl6hvqv,13,1
196,goNAbK28,6,1
41,x0721TLW,17,0
39,mRNWv1mR,7,0
193,rVb9z8XM,19,1
3,gCsn8G8v,2,1
37,zF4nNZH5,7,0
131,MAE7ynVg,3,1
149,DFQ71yIW,11,0
226,1dqxHrie,6,1
172,H0YJhZBC,3,0
221,Qmodcjqf,12,0
64,BWuE375C,3,1
237,PqN1Da3l,7,0
275,toXe9oXm,19,1
240,mFM95irQ,11,1
60,54pYG1cA,4,1
264,u9Fn8TUo,13,1
83,mT8aByON,4,0
13,PHDSBGDv,16,1
253,Y44NiyGS,15,0
19,aw7I1Unm,9,1
137,SrMLQ6YX,18,1
272,dNdYfyZl,9,0
137,p5tni6la,13,1
60,HGEFTuLU,16,0
55,YWRwLwTH,1,0
9,oyoGYHi0,20,0
229,xMIA9ac4,13,1
266,ujIJv0BB,14,1
190,1flfaMOl,13,0
249,nBKgnHRB,5,0
156,wIS1dvkv,6,1
293,j2SP8MSJ,15,0
204,8xarlpl7,6,0
50,CC20W6xG,16,1
289,GW33BKuz,2,1
89,wTraJLVf,12,0
135,BTLm6EWX,8,1
168,znyjotvd,5,1
257,aLb4UkBA,1,0
67,03pZmYk4,18,1
197,EsQZ8iZF,12,0
59,lUCHt9FE,6,0
169,COIV4FVo,10,1
28,rWaECcsA,9,1
114,LFYy2Brf,9,1
288,SvVURsmN,12,0
176,3H35egdm,20,0
137,OlrSg0en,1,1
47,ojvbdyBT,10,1
267,syNGHgi4,3,0
276,R2Kry3K4,10,1
59,F2APXR9f,13,0
60,gmCVpqbb,2,1
23,TGpzWlfe,15,1
205,HjslLpxX,8,1
224,x36qONhE,13,1
143,jlHjAVkZ,6,1
252,rNEuiPSV,7,1
203,BMuFciJ2,12,1
76,adm9yNqA,2,0
209,LcJpHLZq,14,0
85,CClVjdZV,13,1
186,fRvEPtcs,6,1
161,PDdjiuza,18,1
231,8IcMgC0Z,11,1
14,jo3wgsU7,16,1
160,fwhu2esq,11,0
92,yBkVqmqr,17,1
50,PFJowHHH,9,0
266,K0gyloYl,18,1
10,yN16bp6E,2,1
140,hD74ygh6,12,0
192,SXxG0nxx,12,1
159,aEHSffDx,18,1
28,L5jh8EpT,20,0
265,GWewf8AJ,4,0
190,fQcoDTZ6,4,1
162,gj0RXNfc,11,0
141,UOkvfzrC,13,1
162,HbeZKQRG,20,0
129,bgfBKstS,17,0
123,Cta7Po7E,14,0
148,6IieNGn9,6,1
288,zLSmpMKS,8,1
43,USJxcD0f,11,0
74,1Kc3doJt,5,1
24,hJuJaVva,4,1
154,0gto5mSu,8,1
63,SZO2Vz5F,14,0
58,LQW0FdW2,15,0
29,GemwUyc1,10,1
209,tuYAGvMh,11,1
164,R38Y8UdU,16,0
276,2cLzAMBh,7,0
9,1ar89Q3K,13,0
117,H0vAGgjN,13,1
115,QIe6a7aF,13,1
213,FC4exN7X,2,1
242,L959qDo7,11,1
36,aWP9PRey,10,0
139,ieY1yr5O,20,1
23,trKuJLD6,2,0
35,dygoktnT,4,0
59,GOZ2gigP,3,0
156,PZ5IlUgl,8,1
219,GMTOf7mP,19,0
139,78cfXGNL,7,1
89,YlfSoew9,14,1
239,RRgfiUsF,6,0
98,tdkFfukx,19,0
6,nGMSC87W,10,1
131,b6rqcNVC,9,1
3,RRFekZFp,15,1
112,xUQ9OgbT,13,1
210,7jzLKgVt,12,1
35,YhX04TDc,13,1
40,N6d122qp,13,1
148,acgCt5cT,14,0
166,OUpiNPOO,14,0
209,GPBGfj5G,9,1
136,EMdeOrMx,13,0
87,BxT3Wpa1,2,1
125,BjSbkCBp,9,0
46,tU644TLD,20,0
101,TeMkkenH,9,0
217,CCnaZH5l,11,0
181,aROzQxzp,8,0
21,eaYx0MUh,15,1
290,3BOI4C6J,9,0
29,qz9bVTzO,13,1
154,GSaI3QMh,7,1
32,Hsy9h691,11,1
45,TPkdmnL8,4,1
147,t6U05awK,4,1
276,w5eyRjZU,19,0
109,m8Ei5XYt,6,0
73,iXT7LJpz,4,0
258,nhyEk4kf,8,1
155,4efcc858,19,1
227,7PzQ2E3o,18,0
101,YrcOX9Yf,17,1
163,IOLzyYFr,18,0
22,f4M1GckP,9,1
295,b9ydDB4q,5,0
200,LKB65I3D,8,0
54,8lcGB7mH,13,1
162,asbSXWOI,2,0
89,rW7Myt1D,4,0
204,f0wFoD7b,11,0
199,AOYgkW3T,19,0
179,ZAJKl5cm,19,0
296,xwPFTN6o,16,0
51,BWv4mz55,15,1
129,ipxXqWFo,14,0
85,BGDIusoC,17,1
90,RfgNPjFb,18,1
132,JXYxKBHx,2,1
196,acl9vEHR,4,1
102,AscVfJlP,11,1
216,mpibyJ0A,1,1
197,eRHlauf1,9,1
145,rZZFUYcA,6,0
121,4ZutsEeG,2,0
120,UQ5325F3,16,0
151,aY6shmHj,13,1
251,GxAFO2qO,14,1
43,HW2Ghn15,7,0
144,YeQfPuLv,11,1
253,eHz3Ngpl,4,0
226,IK9UtxQY,5,0
60,LuWIzvSQ,15,1
29,4RR5M2MP,7,1
165,5z9PiucQ,20,1
32,xNHRGSaO,2,0
263,2SgneOow,10,1
170,Wmw0LK8q,18,0
70,B25XRt9B,11,1
58,u489UVDR,8,1
181,o0gNpXcs,1,0
120,Mfd7iUsu,17,0
282,dXZiXG4T,4,0
228,aCoZVfsu,10,1
1,osyiUEFn,3,0
241,cAOCEzgg,10,0
276,uvrGZxvH,11,0
81,Othl3mlq,5,0
190,vrwZF0rz,20,0
82,SFpZUkjN,3,0
156,IRJj6Pev,10,1
298,7aLFh4ug,4,0
12,AmWXkf4X,20,1
140,okyVdqhs,16,1
1,ZqoQYyvg,8,1
232,5F08qmmP,20,0
5,E8fqzXmU,2,0
70,VKIIlJlA,14,1
107,zV7f4nvi,4,1
251,R5Cdg70C,12,1
124,ScWoKCT5,5,0
225,n2gVAVmz,2,0
88,iFFxJh0J,19,1
279,JEh1mSd5,20,1
184,VNaNDBun,17,1
159,N4nMuRgm,11,1
255,03zpS2n0,9,0
80,bTb5bchH,17,1
276,wmmyJQQa,9,1
196,8PA1BNPY,16,0
249,x7as7Y1t,15,1
283,8O93fWdL,12,1
192,Yb2eGFih,14,1
202,qrFVseXY,9,0
12,CJAdxliN,7,1
143,fr0lELRx,15,0
240,DJnxsQD5,20,1
64,BkxpBSdw,13,0
78,z1u19QHW,7,1
242,xO0TzE2X,3,0
156,uWavPr6D,19,1
212,2jdKrlLA,5,0
300,HuIeGyyO,12,0
271,doQ561W9,4,0
216,kUPXL8iI,5,1
74,f7Q3Ltl0,1,1
5,gaQMkgyI,5,0
211,6M0cSdXh,11,1
111,8IqaAsCq,14,0
120,JQKYUovW,1,0
97,XW9ROwK8,5,1
208,mqLImKw9,10,0
190,EdScKVHy,7,0
178,MgLFOk18,7,1
138,fVlnF4sd,6,0
211,wFiqUZZE,10,1
169,f062I3Ze,12,1
143,Dw9GmZ5Q,3,0
6,rM9NPVF7,5,1
194,ESxn6Jdu,1,0
103,EsWcv75S,13,0
19,I7s9fxkO,13,1
216,Jo2L80NO,17,1
3,x7qPsxFT,12,0
285,svuKEtni,12,0
196,IyGHRu6Z,10,0
189,3PUdKUyB,8,1
156,O40E2c3S,5,1
169,J6J3HbEP,4,1
82,xR8nZpC0,18,0
208,KHshgMeo,16,0
42,dbD3zwKX,10,1
157,ffrCjt8U,10,0
205,yLKRr07w,19,1
288,q0a9ctqK,7,1
175,ucrzrZCD,10,1
204,AZUg2Zkf,13,0
55,9brPcV4t,8,1
190,bdaLiXzF,10,0
276,znkucGMf,15,0
142,jIFabSzH,17,0
143,D2j5PYbi,11,1
30,6fWF2FBD,6,0
79,9cPXov66,11,0
204,Nj2vF0wg,5,0
120,WOQgt0bE,20,1
144,7jcD7HIJ,4,1
62,6hln37Lm,17,0
136,DKALIoCv,16,0
24,q40JMvEY,11,1
107,xF3Gwq89,16,1
200,PkHgl9HQ,3,0
87,QtGCxdJD,17,1
143,Wov9wl29,1,0
11,F5978Kx7,17,1
226,qXcH6yto,11,0
105,r7Sjv9xa,13,1
44,rcrKcILQ,15,1
38,vIKjRlQK,16,1
93,QxKKM5Pk,2,0
65,Zpgfm6i6,9,0
240,4PBsZSOj,10,1
297,pXfhySXU,7,0
61,3d5kW5wD,15,0
288,4oIH2gU4,13,1
102,HBNygFEk,19,1
56,pqSKQ9t6,2,0
118,tNw6YRAq,7,0
64,4fy7mCCo,4,1
253,iDuAs2xT,5,0
266,TrMJ55YC,19,1
147,iwqgLszC,1,0
268,XyEJXe0J,11,1
46,36ibibAa,15,0
55,7a9vE3mF,10,1
195,Qmjugdn7,5,0
244,mFPMH6xz,6,1
133,f0MMz4Ay,20,1
170,5YGAkXLn,7,1
56,yS4aB7yR,5,0
101,UhSCZham,14,0
256,0iCD1Yrp,17,0
239,UNERnnBF,8,0
228,tHpH8uH7,4,1
54,04lrMmrx,18,0
221,F6NDN5ea,19,0
147,1EBUHOwU,11,0
226,pVnokgIy,9,0
77,emN29z14,4,1
277,FEUCChiw,18,1
235,jcpkNUDd,14,0
222,nlKKFUfu,19,1
99,r3MOz11J,12,0
201,vP17HhhV,4,0
210,hcwlfF4X,8,1
97,P1fvyE2p,14,1
256,LfNDgeKW,9,0
35,1ztT26wq,11,0
299,gzUAGQNG,7,0
217,Ss6rHiUw,12,0
94,D57zjkYF,12,1
117,FteBh8gW,7,1
173,Bo5fdJYv,8,1
123,pNWuUxNf,4,0
200,xnJWye6u,13,0
78,9PbMLerk,1,1
94,nzJqZ6ta,8,0
23,Wmcyxl4Y,13,1
62,4BpPNiha,14,0
135,3KTA83mj,11,0
56,5k1PqZeL,11,0
272,oEAgRLvE,6,1
208,HkEqIWhX,8,1
208,wnR0s6R0,7,0
194,B3H0DhmM,5,1
299,PV3kklnj,20,0
186,kR2EVq2S,18,1
185,NSAKTRvO,16,1
61,I8QdDYbg,19,0
14,DZDAI1jC,14,1
294,oTU7VVz7,5,0
155,NuCEVqjA,20,1
175,v0r1JiDI,11,1
59,a5Nlj2Vb,15,0
184,wR3rPgo9,14,1
229,5x8yPXKg,16,0
189,9MeZHWnJ,2,1
218,vjbNHjzZ,19,1
215,5RmvHHLD,5,0
134,W9UWW8JC,11,0
295,kingSyw3,19,0
137,GHPPMZY9,19,1
179,7wYDfrCb,13,0
16,lmfEtWD7,6,1
121,5AhoMFrW,13,0
56,iaXHwmpk,20,1
141,1gSFfnd2,20,1
155,MnaHSUpV,3,1
200,pbEyNbgM,7,0
9,ZPdlWLsU,15,0
154,oQSa1zoV,12,1
85,t0ZAa5Rc,10,1
204,5RBJnM1D,1,0
60,vX84bS9r,5,1
220,7YoOFbab,15,1
14,M6ohUYx9,13,1
272,mhEiUFtu,3,0
169,TdQhaXGv,9,1
213,DE3BCySn,17,1
112,caumQeMr,18,1
70,7TLnTlpB,6,1
1,TgkjAFTx,1,0
92,UXvmKglW,4,1
169,zGzUVonD,17,1
166,KfbJhpFy,15,0
94,PZRgS876,17,0
82,WqfKeg6l,19,0
186,EqxL386x,5,1
13,oVoID0Ze,11,1
118,ChU1uIyT,12,0
295,cVKjKnhO,13,1
29,Y8X1u6QN,12,1
26,cAeSgM96,4,0
138,OzA5JeDd,9,0
289,RBTrbyPg,3,1
262,wcLhQwyc,17,1
255,LKykkJsd,4,1
244,Fho4Nqoc,2,1
197,kOdbWtuK,10,0
189,gq8O71fn,7,0
99,FJZgZK4e,9,0
186,3LiRAQkB,7,1
271,nuu7nhlQ,7,1
95,KG4QIl04,14,1
122,JjPyeffu,7,1
151,BmsiIWdZ,14,1
40,4jTuxuWF,3,0
8,OG2GWYSX,4,1
103,Hteg88Mr,10,0
66,nvt31fts,6,1
137,eEt5NlQC,9,1
291,vcqkED4H,9,1
300,GwlvkO3V,13,1
238,TlBLlfYW,20,1
240,LFVA70z5,6,1
77,DFOkXdve,18,0
297,aP4kz8Uw,2,1
20,ip2tfar9,13,1
122,2a80cHy8,4,1
225,kfbwsbG2,15,0
196,fMdJD1bG,3,1
42,67p0hbhq,13,1
127,tz1o47Ao,14,1
123,CcY9QgOv,16,1
121,yEeZYQqb,5,0
235,juICw6i2,20,0
195,ybjj2JSU,15,0
48,9jYmYvJL,11,0
157,KZNvLZIc,5,0
243,oc4wr8lF,16,1
125,JhkkxAo2,11,0
1,X9yrVB24,16,1
157,zTTeCVuc,16,0
42,fn1uy6W2,18,1
296,6ynEBr77,7,0
131,wlWf2LlS,10,0
182,bSzgftdT,18,1
234,6hNQfmW0,7,1
208,QGHAX9u6,13,0
144,wJqylbgk,13,1
58,z3eQ3kx9,20,0
256,hrIk9Qym,11,0
32,UEW1mzGy,20,0
266,jdPiiBOB,13,1
72,HFW6DoNg,17,0
119,SIyfyGYn,12,0
281,jh4kHl4l,18,0
35,ZEKOZOJ8,1,0
138,7jcwT1y8,20,1
165,y6ixgqAo,12,0
27,9Ecg46xR,11,0
50,V7vTKF1d,6,0
84,Z67KRXOx,20,1
2,N4nplsK8,5,1
72,3BkxThQG,13,0
54,USDraLas,7,1
2,xCGJMf0v,11,1
52,QAkzlODl,19,0
280,VHD35FjG,4,0
291,6ivJ22WZ,8,0
22,DOzN2iwn,16,1
165,Sb3m7pHS,8,0
142,EVPgz9qm,4,0
152,gLkURS23,4,1
7,3zOmX588,17,1
6,ImZewgPb,18,1
86,JMATYU42,6,1
216,cz6N7TgO,3,1
209,VKVO7G1N,3,1
185,iSSNVn5S,3,1
79,17cRytOw,9,0
173,EgkPT88Z,6,0
17,5yFyWGPZ,3,1
40,Fi0nNGFO,18,0
136,7Fnrlw4j,6,0
221,DhOHcJML,16,0
8,AGDBWiYp,9,1
1,TKS90s7q,9,1
30,g4xN81cv,13,1
163,3c6gZUn0,10,0
49,F6mSlkur,13,1
124,dcmzPIHu,13,0
222,FNMnw2qz,10,0
200,YXjK9KBM,11,0
105,0wkSgtPr,16,1
139,hJtPwD6O,8,1
70,8OcaWv7f,4,1
258,BqGGUe1i,2,1
107,PIRFFmYn,10,1
251,jTUAxEqF,10,1
182,XoCx81sc,7,1
189,tPglsxOk,6,1
235,cYc8wtHw,5,0
25,H5yixb0y,5,1
67,p72oLTDh,4,1
13,UXNXolim,7,0
12,6YMPjX8X,5,0
181,rS1T8tiQ,12,0
16,2MzuxR0v,11,1
79,e29b7zGl,4,0
237,INAVytg7,17,0
61,2XFSDOiH,11,0
50,VsJf01ob,5,0
241,btc9dT4c,12,0
180,hEQlyWZt,7,0
282,VOJaCIdX,9,0
24,i68YkVdG,12,1
220,fs8dHCCV,17,1
138,QN798kMX,16,1
285,stTd2w3c,9,0
152,vQcJoJdO,1,1
8,6SODu75r,6,1
283,iGWdfCox,19,1
105,9S5uJ1u1,19,1
282,BKAyUY2O,14,1
229,Bglik2AZ,1,0
11,gxHbQ3m3,15,1
112,ALrbkRWh,19,1
254,m1qg0Ugn,14,0
279,zw5J1VA7,4,1
54,VJNqW6cB,9,0
78,GXVFaQXI,18,1
256,3HkOfkJ6,12,0
14,Xo249Myz,11,1
148,UlLKSda0,19,1
177,Lx9Np9lq,15,1
23,mz6NyJvW,6,1
65,9pgOVuZh,6,0
91,qOhVFsBX,18,0
111,spOqJqEE,16,0
227,K2z1LXNX,14,1
156,g4xEDBQV,7,1
223,B4TWnWwD,12,0
104,GGFaBrFv,2,0
50,QayoLp1d,19,0
294,78gfJNIQ,16,0
111,imBY4p68,15,0
62,e2ZI0v65,10,0
115,Z3PLQa7J,18,1
37,51H6ejIu,10,0
50,WuAVYPPX,4,0
17,hiNazsQe,2,1
160,8R0VuQFf,3,0
36,zNVMylLI,14,0
80,Jbpw5TE7,16,1
4,R0ffg8kw,7,1
294,8oLd64eE,17,0
264,8wOnhbGO,16,1
190,ilwcZdm5,16,1
198,30KshN0s,4,0
80,knq0ckdB,3,1
69,lOFUmr7A,15,1
297,MhasVN0O,14,1
225,pk5bS61w,11,0
134,wHtlqRNk,10,0
240,6n4ayJhw,9,1
285,qyXkmlEA,13,1
71,QoIqYLOV,11,1
142,3CURPmEE,19,0
279,gJHk5OWR,15,1
229,BnBbcjqs,10,0
219,1hXpJKDr,6,0
24,9m16tEdo,10,0
30,gs4aJDQ9,2,0
37,HwUFShiS,11,0
21,9QoVthmp,2,1
133,QrpFRRTA,1,1
89,spzeCSy4,16,1
119,zpFH5Eor,1,0
59,Ul0tcN0r,14,0
19,gGpXyzSw,19,0
180,xldv0tnz,17,1
180,kfEtTFxV,3,0
94,qaT79Zb6,7,0
242,i0swezox,6,0
204,8npmJJ0h,20,0
53,Rxdnsv3x,12,1
189,o2AOL8fC,15,1
83,7o7NayVG,19,1
105,RKmIi9xi,14,1
270,LKAj94CE,16,1
13,TMk7lffU,19,1
66,L6H1TsRT,8,1
132,vGosqs1l,15,1
229,tdGzYskH,5,0
168,yxPDCKHN,15,1
160,cUvWzR7y,15,1
48,MigXXZHl,12,0
50,CBUP75Fi,15,0
250,b44LybbP,15,0
98,LayK4OzI,13,1
147,zqSagIjS,17,0
246,ixzc1oah,7,0
7,C3pNkuxv,5,1
77,RbYFtVq9,20,0
237,TrMTVPRn,11,0
110,fNOVtHnf,19,1
93,t3iQxIWC,14,0
170,1xpBZyb4,12,0
51,FeCE38im,5,1
96,JJ8oZGJI,7,1
5,9TIze8Sp,3,0
153,0erx5wZi,17,1
225,pO7pYaLS,3,0
87,fpHT494t,6,1
235,A77VHuZM,1,0
295,VQmDYOAe,4,0
148,c5nXlrhQ,8,0
135,mbyOtGH2,15,0
249,BxrFOWPD,7,1
258,yp7nxAZS,16,1
17,TalpgsXv,5,1
290,lw5QFUY7,20,1
42,FwZhAJsK,19,1
248,iQWDrB0y,1,0
183,N6GaCIAz,20,1
296,hQcsm6Oe,17,0
62,A97JIoI2,9,1
289,49WRitY1,17,0
288,q2ZGglSr,3,1
115,tVtpveoS,1,1
279,zFvYXSuX,16,1
253,6BQhmxTl,8,1
49,ApAj3rVv,4,1
278,Wj8XwsqG,14,1
285,0u3s6rOV,1,0
280,PPx7BvQU,18,1
52,wAX2k5fo,7,1
67,OhX5idti,9,1
233,XR0c2ttm,14,1
214,FDXseCBg,1,0
140,EvAc6lwO,13,0
235,mSGlG3LO,18,0
70,1kPZ6Lec,13,1
237,8HFdPv7E,13,0
179,9iTL7AcU,5,1
282,M3sbIFme,1,0
56,tY4OwFbS,10,1
25,Szq0PfkO,17,1
110,tyu8Ft5W,14,1
87,UkLpOTJ8,19,1
149,cvMd10WW,10,0
53,Mfhuu667,3,1
249,rUFlKMl1,13,0
137,1I2d0iuZ,8,1
97,vteqmGKi,19,1
8,uaoH0IsC,12,1
227,UgKhIF4h,19,1
255,oPWG6otw,20,1
219,3GyKWiqC,15,0
13,ubZ5S8q0,3,1
75,N7VrJVNB,17,1
129,BKivNiEn,13,0
59,ok7efDxq,16,0
261,ev3luZxW,7,1
50,nWCk37Iz,17,0
254,tX31rK2U,11,0
195,6I0gWvxX,18,0
109,YJIK2CIe,1,0
250,3f2v8JYI,16,0
84,80Sa3ulU,17,0
91,y6GWO4qE,9,0
272,mgHPUOBt,17,0
20,fCleaWfl,12,1
4,dczgqYMG,17,1
101,WU4sV5f6,16,1
90,fgIEJKGc,12,1
255,tptAQf22,18,0
245,hqwl2Kmt,17,1
93,5l8mk1nU,5,0
208,lvdM0nTg,17,1
74,3gD8oRWa,10,1
43,koYnxoGf,20,0
35,nkMgqH8X,14,0
158,BVaVfBCS,18,0
286,THkbEVy4,18,1
286,77ee7ynf,3,1
193,Px0RJZbj,6,1
292,hdFKuzs0,8,1
182,t5ADs9wv,15,1
151,bqtSdhlm,8,1
259,pMGa6Pb2,6,0
191,B4ghTNA8,5,1
298,QyRPQ5yO,7,0
283,Ai00zoHc,16,1
20,EYValbAV,6,1
61,5eiDLFQX,3,0
227,7VUUz5NH,20,1
27,saejfBjs,7,0
34,J30RQuFc,8,0
294,pApBWRp4,6,0
165,6z6fpanU,5,0
198,qwRC04w1,8,0
170,S2yWMwTt,3,0
274,CxTpyYro,6,1
257,kSG4mULR,10,0
16,QLkbcwMm,3,1
47,1Dn3JI7f,6,1
44,4OCVtHjq,17,1
97,Skn9wzJL,10,1
249,wPaAgeSJ,9,1
62,BI3gZBrW,13,0
200,UIX70qln,10,0
122,R0xoHQd3,8,1
112,z1yvDApJ,16,1
45,onGyLSrd,5,1
213,lnD436hC,19,1
115,AW54XNG7,3,1
93,eH1IBasV,20,1
81,IqmPJhkc,10,1
127,WF6iiUS8,3,1
125,Ca4xhWDJ,5,0
269,LdnjLRYv,17,1
272,MSgkU4Qx,14,0
15,besxcarh,12,0
118,tTGuvwrT,15,0
18,iMIYfaNi,3,0
195,UBQIghcq,10,0
229,3VCiuzsh,18,0
289,2zPsuUfV,18,1
63,knX7hdrU,2,0
200,eh16YihX,14,0
183,10eR4CQp,18,1
82,m7hN4FVg,5,0
86,2MNm55ed,15,1
120,rDZbBY6F,12,0
80,S1UBThM9,5,1
278,jMckPjj0,4,1
59,fBHKk6Xi,20,0
282,yOnpxWMz,2,0
139,Hdj9TakA,15,1
258,3t5Ppalw,9,1
18,VFmUsd1P,4,0
229,gFW3igmY,15,0
75,at3ei6Kh,12,0
226,4vhDpxL2,15,0
28,esLiRWRm,2,0
52,e5wTn4Do,8,0
94,NVDPKJK8,11,1
72,cdMnwzCE,19,1
69,XN0Duccm,4,1
80,i98v86Eg,6,1
265,sRSRyadT,19,0
274,fQHedixp,12,1
1,HCaerM1i,18,1
2,UgRohHgO,16,1
91,blNtlyGs,19,0
120,21bwo7yI,19,0
116,0fSm58u0,5,1
46,tv2dOi9D,3,0
144,YE91BbzN,12,1
274,S9lboKgc,15,1
281,UKPR1rky,1,1
46,kyMnQ44k,5,0
283,4TWpI6Qs,20,1
37,O2lS562F,6,0
220,h3NoDAXm,16,1
150,y2Kb9R7i,17,1
115,FPaV1Vmm,15,1
17,N8v9ECKR,4,1
122,2qP9UkcL,20,1
135,rDtNWAxn,5,0
96,tCb6KMJt,17,0
34,MC0pS3v3,7,0
51,PaM015SG,1,1
294,Rkuk7Kuv,7,0
71,GkmlB7Zo,7,1
175,sDwYzpFt,8,1
164,rcduCxjK,15,0
259,Bn6xXlBn,10,0
36,F66Zum0W,6,0
40,FgocDNqu,17,0
224,FZenUzuW,18,1
176,E2kbKWML,8,0
136,5HDzpsGH,11,0
198,ww1zL9l7,17,0
202,X1hWh6xP,13,0
36,O5TQcyzu,1,0
237,IBVSH07E,15,1
202,XokXmdvR,15,1
8,Np3n0Wkk,8,1
215,P0HSTnhA,19,0
2,N9NHvX4t,10,1
288,nxEo1nq2,17,1
125,Ejpmx7hn,15,0
259,Xl6THG61,1,0
72,WsyurNSI,5,0
16,UkNch27g,9,1
3,FSpn5FNg,3,1
96,y77jH4Wz,15,0
268,TlP8ZwiC,8,0
251,E3T6GgxC,13,1
91,BbNFPcFb,16,0
219,DaMegl98,7,0
194,bpe01moi,16,0
230,5X1LoBmI,1,1
15,sVlTE1Lu,18,0
78,nGlBxwee,10,1
231,c0IugHNk,13,1
69,SSLUx9sy,17,1
9,V8bV8MHc,9,0
206,BiZCBKg1,14,1
135,EBDdozBk,14,0
159,xFh1QQ4Y,7,1
105,wLwLROPm,9,0
209,7AQTDFVv,12,1
160,CQuOcHem,16,0
106,LKfm7nfm,15,1
223,rw0IbfTH,4,0
110,8CsiyqoF,18,1
74,tEJwXeMY,14,1
37,ZnuhAEvE,4,0
206,mDcdYL8T,7,1
19,mdOksCX9,18,1
121,XCaNf5ZQ,3,0
130,4QhmBd2I,10,0
99,n8GQZRov,10,0
11,WVMjnhKK,20,1
107,fDve3WtA,9,1
114,jdKXWd3s,16,1
153,CPt0ycM8,16,1
121,vPMmQHMx,20,0
255,2wmRm1A5,10,0
7,9ShVAQ1K,14,1
222,y5V214kw,7,1
138,zp23sAn5,11,1
91,wuFgl2WP,10,0
146,bNmHsE54,11,1
145,qCg4D6w5,4,0
105,JxyXH2Eg,5,1
203,agiYFyq4,19,1
87,LDMrV5uN,5,1
140,PInEhS5C,10,0
244,BkrrKkhA,8,1
172,OBaJjlvH,13,0
217,ymghMkl2,20,0
211,DdeEJQUg,14,1
250,Jsz5welZ,18,0
110,mWaBXF5w,3,1
44,6msnrQCH,19,1
161,kgFSsIW0,19,1
291,78fbNJbZ,15,1
261,f88k1gkg,17,1
7,7MmRhEXC,6,1
291,Y2sNUuun,12,1
236,C5rpoYzK,18,1
134,dUZSGlDT,8,0
270,Lmg2cudI,20,1
206,n5A6Qi2b,10,1
8,ACsem7JG,7,1
145,E2GNTENm,13,1
218,62gwN1s2,15,1
247,3rey2vpU,12,0
106,BOcx4vBL,19,1
21,lDB0JWlS,13,1
51,dloEjO6D,9,1
243,iWRpAR8k,14,0
294,Z411gtdT,8,1
61,6CHe7eCe,2,0
261,IU4F8Dze,4,1
249,f9M5NWne,20,0
117,TotEZgnK,9,1
214,TEcjl3sv,14,0
259,NHNB5Ebc,13,0
136,kYNMYSiq,7,0
285,jIEEMeiM,10,0
197,ZsRtZ0eD,16,0
163,gQ3TaF0C,19,0
94,s84j5brA,4,0
42,wPGgwhHz,6,1
64,DeCSMQtu,7,1
281,QRrDTv4Y,8,0
123,4MuYPS6m,1,0
42,n03TcA5c,3,1
264,NdCCjehc,11,0
61,kZvmXSwa,17,0
289,TLTtymFp,11,0
51,UjFiYSec,18,1
98,RCZN0Yfo,10,0
37,dtB55ho3,14,1
44,XjqrlQeo,1,1
76,luUtpgGb,15,0
159,ULlYBopM,8,0
139,ggUTTlec,5,1
250,HrGf6uWP,17,1
89,zfoIHGin,10,1
179,lzwbIW2l,8,0
93,nmxhyhOz,18,0
292,uMGp351N,13,1
79,L7JZbl0N,5,1
277,5L1VHNsW,3,1
16,sPhVK2Tv,19,1
189,u2Yh9fyj,4,1
102,CY8sd0bf,12,1
65,l0A6YQM5,11,0
225,lXjc91FD,14,0
134,n4ghofqr,13,0
248,eLbA9An4,20,0
33,p9oB7Jky,10,0
185,HJqyFBNm,6,1
87,TDtdWYTB,11,1
242,gABh6VJl,7,0
75,LHiOL50W,18,0
192,St6XkHXp,6,1
220,Vqejp32R,7,1
146,00KtNvi5,20,1
99,eFpbMWd0,6,0
110,6PtUQS3e,2,1
231,CB9O8FKI,16,1
138,9OgVw9V9,17,1
144,826Xb3Oz,6,1
245,YM3GqqJO,20,1
166,tpqBzEiL,4,0
61,mdDOsbFu,14,0
150,KclRVepr,14,1
159,yaxZk84b,17,1
108,nUIeXesG,1,0
90,v5PJnewC,4,0
38,VFR3Qr4G,3,1
79,NgvlVYDL,15,0
184,LrQKq2ka,8,1
173,iA52An4I,7,0
124,2lWpRRbP,1,0
97,I52OLu71,20,1
156,1aaZw2uu,17,1
135,XH9axUsV,10,0
6,6X4h4ZMZ,20,1
18,QxzF3B98,16,0
43,kKLjPdwF,2,0
2,05LVfGws,15,0
23,1w825Smj,7,1
91,ZGraA3SL,5,0
130,W7T7ZzS1,3,1
77,vf44cSgy,8,1
175,zx9LN9Xd,13,1
143,5dJye2jo,4,0
20,BvYEZzQs,8,1
275,807DDpyX,15,0
49,XSJceP3w,18,1
133,hGAJUyGP,3,1
73,cNQI7cpo,7,0
180,Bf6ek3b1,4,0
210,RXJfUqn7,7,0
299,dSwxdJLW,15,0
296,p6wtZZGP,11,0
39,vqhq5Q8h,2,0
299,tNpRavew,8,0
132,QolCnHSC,7,1
55,MXziTyZn,14,1
169,9YZMXQhi,2,1
206,XDa1q3mC,12,1
195,wBi2vifH,14,1
68,jQYhhL6D,11,1
40,MqvAPLYt,15,0
174,V2gGtWnN,10,1
280,J1jjEV2W,14,1
125,tiKTSReh,17,0
189,qwcWHkDR,3,1
238,1msett9d,5,1
150,c46YCafK,6,1
68,LjVTXZCY,13,1
204,4KqhE88r,14,0
299,EDfUNV36,13,0
148,JlxAdNWD,11,1
291,8ZgLSHvr,16,0
111,PbVMVqWM,6,0
103,S0Pn5fl9,1,0
67,rhV5O9Oy,7,1
163,1SibVMLs,6,0
181,8f0rrsAy,17,1
159,DKHrSl7f,13,1
261,5SjTuzT4,15,1
98,MWvdua73,14,0
91,9L3kLLjC,14,0
293,VIeCdGoS,1,0
169,z0La1Eca,19,1
287,xF5Svano,4,1
89,UKiqE8l2,1,0
213,guB6Pj5d,11,1
20,RJEnuQSh,7,1
149,nKtmoSM3,14,0
298,X2qMqxL1,3,0
278,Eqp6kM7h,16,1
84,BihByVY3,1,0
300,cVvTtRyb,9,0
243,40390g0z,2,0
66,3cask4AQ,1,1
199,6kWyhy3f,8,1
48,ajS48bJ4,19,0
279,DAYgiHYZ,19,1
103,k4LK24Dy,14,0
147,Duv4Z7Pj,3,0
15,6QypVc9X,13,0
210,3E8f4q40,5,1
62,tygu1XlO,7,0
165,09s3freu,15,1
118,l0LFhoqO,13,0
65,4fpOy7cl,12,0
182,AiqLFbDB,13,1
269,WWszJk7c,8,1
75,T7W8O70E,19,0
99,V7hX9JdL,16,1
88,rvqnrW6M,7,1
289,5BQq8UVY,13,1
60,xb9oHasI,11,1
280,K8t7ET2Z,20,0
134,fVJv1xeU,3,0
262,58O8FgLM,15,1
213,ZX6Ez4Kd,18,1
171,lrE0jf04,4,0
182,7WdQ1Auh,1,1
237,99l5rc52,10,0
259,o1xJl8Gc,14,0
36,Ke4TpUoa,11,1
299,z7hL3HHb,4,0
19,2NCc5fQQ,5,1
220,dRYNu3xn,9,1
131,qdBe4WOW,19,0
32,CWrhaCcs,8,0
53,KI7pcahC,1,0
86,RJb8Sw4F,2,1
215,XR78VO9N,12,0
232,pwoK3qEV,4,0
242,UyNvFFNK,16,0
271,ez5mYPBV,18,1
85,dcAOFEhj,3,1
25,CYqleQSI,13,1
149,6kD9Je8n,1,1
14,0XMszyGk,9,0
220,3WLwPjkg,14,0
203,W45MHWEJ,13,1
293,SZPRH06N,7,0
52,dTWvjuLM,2,1
56,zoZftAF5,8,0
229,t1qZOLG4,19,0
111,if69B315,8,1
58,bMhXprQY,12,1
209,ajt3nuC6,8,1
260,CbXRpQDp,11,0
158,ZpOfiRTC,15,0
209,yPHSMJrY,2,1
122,fqgeYXUj,3,1
46,lRcbDNbn,6,0
62,zkfC2gHr,6,0
289,fkgWxF94,10,1
248,5EVky1jQ,14,1
298,sRM10Nmi,15,0
214,sigU7TgJ,12,0
295,o4xIdp7X,14,0
63,R4cSxX72,15,0
253,YxF7jwuK,3,0
169,AtuD14gk,14,1
233,Nj2Hxcrm,19,1
52,5eIKEBeG,15,0
120,FG0z0tAS,15,1
285,Xs6k2Bhv,18,0
77,5nen6v6I,17,0
256,9xJ2neH1,15,0
272,7SffosTx,16,0
235,FJ4ANSWn,9,1
289,VHrPWuna,8,1
298,F9vMtaWh,11,0
148,R6Smejhs,7,1
190,C1mFzd6L,15,0
154,jEZ3QvBV,19,1
256,ApnwUX0R,19,0
10,MfHiP4b3,6,0
101,fLOpy9fV,4,0
265,uw0P6KKk,17,0
261,NeGelVRc,8,1
188,UrlHbpqQ,2,1
49,5SrcmMoy,7,1
27,xevvvA2W,4,0
284,Yp9F2KZL,15,1
53,uA12Uz96,7,1
191,NjHMdyBN,14,0
141,t72zTDcf,4,0
81,BBsJMs3l,6,1
194,F3NnAyWM,13,0
149,lt8Mfjau,18,0
280,sinvt9NW,6,0
49,RNIWiNTd,15,1
26,s8EHmOXG,11,0
16,1A6FrDyA,1,1
11,HJrT230J,3,1
273,eXl5k7V7,11,0
148,RIQKUvGu,16,1
4,fhcciRDu,13,1
213,SANPFCzN,10,0
274,NPsCqgZN,16,1
206,mEHib0p7,3,1
126,XuyttHWk,4,0
11,Vdc2oKI0,12,0
297,6dHIJFny,3,1
187,kL0JstYh,6,1
180,eanbJTdc,16,0
49,tsl21F7s,16,1
151,CLfy5dMU,20,1
221,W1bPxXpn,8,0
164,avVkctbY,6,0
254,FOVOnzsU,19,0
43,8tMIsq5X,17,0
78,DwUbxmHa,17,1
100,gNNCZ9yp,6,1
165,49zFRa2W,14,0
294,9A11xWtc,3,0
71,TJDhePLL,5,1
232,bNgEi87f,6,0
171,a6f78EmH,8,0
148,Y5Al3huZ,12,1
215,eCO4kB2e,9,0
284,1CPihfN0,16,1
134,n01m6qY0,5,0
14,qsyBAuNA,2,1
180,OsOthyXQ,9,0
188,V7vHSZRc,12,1
3,mEbhz7Zu,16,1
66,iuFCgc0S,11,1
50,16WgRQAq,18,1
97,64G2EBkG,4,1
256,8NrE54zC,20,1
298,TmhZt6N6,10,1
199,BzYPndk5,12,0
82,5SfIvNho,7,1
276,xI9J7S2F,4,1
273,inpPo0S2,3,1
279,A9smtgQX,9,1
162,uNTSRvoo,8,0
135,cEOPDTWw,18,0
138,RC6nF9zS,1,1
269,2a2vz8zu,6,0
277,6j0noSIR,19,1
138,vNPfnbEl,2,1
57,Wf14yCE7,19,1
236,T4g4OJAr,4,1
212,xD6mMxjs,6,1
161,cZOUXyZL,17,1
29,nzxWOBM1,5,1
65,MkOaS4QY,1,0
117,2xNUYg6V,6,1
172,5vGAUnQv,11,1
260,J1tDPYSR,20,0
181,A90p5xs9,13,0
232,qZ3sXjws,19,0
213,MK9sH2qI,9,1
216,h7e13bR0,13,1
252,gvEU6NCX,8,1
57,wkaxo5LI,17,0
221,6C3ELSPe,4,0
22,zNUb9odc,13,1
104,4c9as7nF,12,1
140,SuHSdmfk,8,0
286,6RzsFmZT,6,1
218,ncc8JFOn,13,1
278,oKIjc4M5,18,1
23,g67hpomS,10,1
111,nerNUtaV,2,1
194,Flnr1fmt,19,1
59,Lt0ydAR8,7,1
276,eTe3t6ua,5,0
153,0eXXz6OM,19,1
51,1yvW5Bpg,13,1
36,IkSWw44p,15,1
101,4XKdJ2m4,2,0
229,g4kVUFsL,6,0
161,t1fALmNQ,5,1
67,eSQaxUoR,17,1
44,nrjLLXWj,4,1
103,oyxkDrAT,17,0
127,Q7rFQk8F,7,1
102,2GNFQmGH,17,1
222,fPcX5QWT,2,0
105,iWRFnJjV,10,1
207,TKLo4zrI,17,1
33,6tmQlHCj,11,0
83,8ARAfltR,7,0
49,s1blJFoO,12,1
172,F7VTpFEG,9,0
222,HbtiPgaY,9,1
154,3sogRtok,3,1
42,ER6ZfVz9,2,1
34,5DM1c0et,14,0
133,D2hqR0Xn,19,1
221,aukB5Jod,15,0
46,kSSX3WmH,14,0
274,HEh1n7zi,7,1
48,idsrv6MT,8,0
172,KAb3DYdd,15,0
262,6agJunDc,12,1
42,fEBXpx0H,20,1
169,0IYlRa3A,5,1
1,wNmz9lGc,10,1
174,RYyzTR8E,13,0
90,FHIOmSsN,10,1
252,yZgdBQOz,4,1
221,ZM70Az1N,18,1
269,ui65vFtn,4,1
230,g7VnbMsN,8,1
78,XPlwqwIo,4,1
39,1WmEfZ2m,8,0
83,5P8NYTta,10,1
28,UVdiVODw,4,0
22,U6SL1LG8,2,1
230,RMfI6Q7x,19,1
203,46bOOD66,7,1
170,JaQDO2hZ,10,0
148,fG9yWFkV,10,1
128,QFBDIeTv,8,0
173,aGBuKcf3,17,0
131,UVeJRbrf,12,0
185,koIyBSGx,18,0
59,4mPlD4om,1,1
260,pIrbPqBQ,6,0
9,krUTnmnP,3,0
150,4TABsoDu,3,1
249,oLXNULbM,3,0
61,zILmpTnx,10,1
190,RpRnRqpX,12,0
39,Nq8VHEff,15,0
132,vcGx9QHM,5,1
150,YhaLzuSo,11,1
289,PULXdDGR,9,1
297,s50R8Hm1,6,1
168,vEU7rVlw,6,1
260,nlsMoi5E,8,1
274,toKXokfR,14,1
290,KydyCHLo,11,1
149,2Ef37Qpq,6,0
227,YyL3jGum,10,1
293,bjYvSa36,3,0
69,Xzx3eZfJ,18,1
231,S7jVQB2L,9,1
24,CSYLWZvL,1,0
238,vaSenJMv,10,1
69,aqUMY7jl,5,1
147,F6l3KJEK,6,0
16,KB5KsQG3,10,1
29,OmEYFl3F,18,1
4,cz3FUfDw,20,0
212,X1AdjnEr,16,1
51,WKo2JjDf,20,1
196,3P5X6mPM,20,1
131,4V2sKuug,17,0
115,77oPLdej,11,1
221,sjRMod0Y,20,0
290,feGLvQ8n,15,1
151,rD1vJ6LJ,17,1
92,ckdY8T9C,6,1
184,2avrd8pS,12,1
214,hPUuWLVY,2,0
31,vL6YJ1jk,2,1
30,tifJjVt7,18,0
47,muk5ph3W,15,1
287,U9kHF6sD,12,1
267,jpH7RT8i,5,1
138,XFVM8zBj,5,1
227,4quLzq0P,4,1
142,Z0dKvhuX,16,1
70,dytmBdaV,18,1
154,QV3VitOE,15,1
162,gMWGvclA,15,0
294,jiHaIKHz,15,0
285,cF1OyN0r,4,0
122,iSTKZlZR,17,1
298,yYC5VcJx,19,0
30,60c5Cwzs,17,0
234,rgKQhra7,19,1
90,7wiTPd5z,8,0
66,UKOctqLi,17,1
284,6LdwEYBO,8,1
88,Hgdst6zQ,18,1
280,nTUcsnlA,1,0
289,btb3tKeM,16,1
175,Ll691oCe,16,1
133,bLdEwv1R,13,1
14,fae89Lsb,17,1
247,QcTOnLcM,14,1
133,ObBHPH3X,6,1
238,IjgNlsnY,1,1
56,WJFmSFq7,3,0
41,ywqCw6la,5,0
81,boNZEQB2,7,1
171,10OCoqSC,11,1
202,z2z9xCIY,20,1
193,y8IzlJvz,14,1
52,rX42ejMr,3,0
40,inleNtee,5,0
170,Twg1Upwr,15,0
136,IDrs5nJB,5,1
199,sgnBzImw,16,0
100,un4nOrud,11,1
142,7pUAD1g1,18,0
73,nsXP5Izm,11,0
131,qiIYmm2M,14,0
232,2BpCEPCW,12,0
282,YGNGYFjF,11,0
78,6eRaNg1T,12,1
190,Mpk2HdQ4,3,0
199,5tmZwimI,20,0
72,xHOXL43K,6,0
250,WwDeq8Mq,7,0
160,hcJOLVTz,12,0
277,e2HpckhX,10,1
89,gk52QjQs,6,1
58,GEvulStN,3,0
289,xFqcozjL,19,1
230,IMvwUJnV,17,1
15,27X3O5xZ,6,0
17,obaXSeqH,11,1
32,9fbOdG3R,15,1
141,sqRZi4rO,11,1
66,EkVS7UFa,10,1
286,nEjNrCrS,15,1
22,nIJ8j6sd,19,1
268,Dvg6vt48,15,1
201,GfUrEaa8,8,0
235,FjzwVTfR,19,1
108,4cc19Bl4,20,0
106,6IrMO08b,17,0
23,No1oQhi7,4,1
27,DHvaXgNp,17,0
286,17rUHIt8,19,1
20,hiLEzJVl,2,1
15,6lmAUCVm,14,0
10,OuYwgd7y,15,1
138,YCWMlcEk,15,1
52,5tn12lcx,13,0
198,cUL9Djsw,14,0
234,JfN7dG2r,4,1
119,OnCVwhpr,15,0
46,bE6Cj56D,7,1
225,pHJEBWhV,1,0
188,pjsepqCa,8,1
298,CyTwZf4z,17,0
203,dyaQi8dh,3,1
39,TfBiO9kR,1,0
5,dv9iYFI4,11,1
206,zYkKeL0T,20,1
126,LNvjxJo4,16,1
127,vQihLZIS,4,1
18,EhVJuCuk,8,1
116,M0TPiKZi,19,1
84,ZzWxw9Ym,10,0
239,9mos7WMw,7,1
277,Eg1o5Xtz,13,1
137,UiDxKnjk,4,1
185,HwVUGXYZ,19,1
46,WqmcQsp3,18,1
209,6nhvNe7z,4,1
130,XWw5rxvG,6,1
127,BNqQqyZc,18,1
201,AnZbi9fB,11,0
47,9UsSVkQ6,11,1
54,rkAevO17,14,0
28,F50THAla,18,0
189,2rMwDgZ2,1,1
261,Fd8J1aNJ,10,1
116,0PXfEQsY,20,1
10,eaIDz7XX,17,1
121,odb9d2Rj,18,0
85,86nRXakg,11,1
75,XDmLFtR9,8,0
72,L1FHqB6I,9,0
191,midZxRA6,16,1
140,zpJ9UE38,6,0
255,2yts04HO,6,0
69,tFg6lx4h,8,1
298,K1rXvnQZ,6,0
41,iwPEvwWm,7,1
267,uXrO10sC,6,1
53,9H7F3LeD,18,1
291,ydsW5fFM,7,1
260,w8HwlLUF,16,0
117,AJx6VdeN,12,1
143,RdlohOAT,5,0
33,jNQHxviv,5,0
150,hjsKxa1x,19,1
244,ntPUBMwz,13,1
160,74szMPC2,9,0
233,0lK8BEOa,10,1
56,TsE9FRcu,12,0
221,VH6U53EO,10,0
51,6CUbnWwU,17,1
175,AQOMcJjE,7,1
295,KR3dzqnP,3,1
244,1CxNpDgW,10,1
242,BmPNJUti,17,0
240,TRlma3uH,16,1
62,rlpNgPHp,20,0
49,G9UWA41F,17,1
167,NpOUTRJl,11,0
176,j3e5cnye,9,1
190,DDzqW5AV,14,0
181,FMM4WjnV,19,0
191,v1dS8q2y,7,1
194,5qh133vX,18,0
46,H2HsMZaY,12,0
92,alww0Xjz,11,0
251,jirtgvtk,4,1
3,p1JUvZlP,14,1
123,w5RRv1Gf,18,0
276,MrDSpEqx,13,0
109,R1nrBDfF,7,0
6,DhJn8rz7,7,1
77,A1WSGHRj,2,1
21,BDsoHera,9,1
125,aFJXwZLB,8,0
113,dWw9E3jZ,10,1
120,WMakLU88,11,0
104,eU7Hz4WE,7,0
112,q2ltgOfB,10,1
109,GfLEeSzo,19,0
207,5NskLUMw,12,0
99,FGgQnovY,15,0
78,z0GEWwJQ,20,1
27,XEYbkzd8,3,1
233,0O070Tgf,17,1
58,CFRej2dj,17,0
199,IsoqxJiJ,3,0
243,cLOxJwBU,20,0
174,XMTAroD0,1,0
125,iuuOOA9T,1,1
6,kHHjLGqN,2,0
74,UnSum8Tm,19,1
228,TdPYlfng,3,1
37,VAP4Pgp9,8,0
114,n8omSfKb,1,1
208,QrXwWwnW,4,0
275,pcIJtMgN,11,1
128,Qs0ARcwW,12,0
167,0dvjLnaA,12,0
43,bFmEq4IJ,15,0
61,GKMWktRQ,1,0
7,2XBnJeat,15,1
288,SBhYTXwM,5,1
70,EqFgxC6N,15,1
35,KyXsRkvY,9,0
48,JAmyxc1c,5,1
246,5OIU1j4U,3,0
284,MPZGwgGx,3,1
183,scaCCR01,3,1
168,sw6jCdRt,19,1
293,cpF0pMw9,5,1
173,IIRrefA6,5,0
17,bexjfRZL,20,1
49,UxctySU9,1,1
195,jMxB96Dp,19,0
185,yCoJBwIp,13,1
272,aIAT7tXc,11,0
18,UBLf7prp,7,0
67,DQLatjIf,14,1
9,4HCJiymL,5,0
224,dIvFB4X2,4,1
269,jw5vACkS,14,1
164,GaSsPp0U,19,0
138,KX312HZK,3,1
148,FUp1KMh8,13,1
66,CKLaGD27,12,1
283,5JlyJTPP,8,1
215,UKWKWapw,14,0
300,yDqaVLS4,4,0
43,Ba9mL5Kw,1,0
282,j2RJmHJg,5,0
71,GsbwLsje,15,1
261,88BcijTb,13,0
125,8zEahUVR,2,0
239,jeQYNqHx,4,1
271,PPFy8A4s,20,0
237,VxUNpCMn,14,0
135,LzS15xRJ,6,0
94,SZYCUC6h,14,0
124,lojNDOh4,19,0
22,5FVQ0LCv,6,0
12,NIPswWW9,14,0
168,nsSd8i85,7,1
214,nXhEmcm8,4,0
249,rhDIsf4W,16,0
102,0Ns2ljMx,16,1
194,M8okvznP,20,1
209,Fr4LlKwU,18,1
3,e5XELg65,18,1
80,3Xu0wxcb,11,1
56,kXcExqyn,17,0
138,yi8REDJS,12,1
125,H1wtxhO2,12,1
109,Xa46A6vH,14,0
214,Q5aASVZ3,7,1
110,k3c373Sk,7,1
123,4MBaZ5TI,11,0
205,pRETdHW9,12,1
235,SexGpYFw,4,0
247,28py2lXD,4,1
83,F25pjmnS,12,0
18,SLVPPF4x,18,0
273,6TSZFe7u,10,0
54,C3CC8hvz,16,0
80,XQwXWw03,2,1
136,3aWT4AZC,3,0
20,FdE2s2w9,9,1
230,zuVmVVIg,6,1
192,lYJzVfuR,17,1
53,UMwCIjnr,13,1
235,QjPbPejf,11,0
210,K9zBHIuc,3,0
103,RwpguoiS,11,0
128,Q4xKvcz3,9,0
99,MYnNtHLI,4,0
236,mqOKjmoK,19,1
53,dm85QH2m,2,1
282,Ifopsd61,18,1
242,uBkECQbV,18,0
281,PI0CnhdX,12,1
240,7rVLtSCK,7,1
2,7u5UvWq9,1,1
179,EhikvqTT,10,0
300,LLeZMYq1,7,0
180,9eYyI8dX,1,0
38,JQoyMDXF,19,1
236,vPwh2FRk,11,1
292,BruyLMf1,3,1
144,SEWrns2f,7,1
20,x2wGYwyt,17,1
26,F9XNGHt7,18,0
144,oH9FPhos,17,1
36,fQ1YDaSB,3,1
272,ogczvzMa,4,0
244,mcSRggmZ,4,1
113,R9OVv3so,6,1
168,6HSJ6A0z,1,1
113,FAs9N5oG,11,1
38,Gqa5aWdp,18,0
180,cAPCOczB,15,0
290,Wf9uXkZg,8,0
45,eY1vhLYt,12,1
5,3IOuKuyW,14,0
279,w9gIKnr7,3,0
262,OrP4XxaH,14,1
244,3Odh3nfe,7,1
204,arbG7M1N,7,0
43,r68AcR4F,10,0
242,UXDfiiFL,4,0
232,RYfQlxP6,16,0
114,jZjEeAIp,14,1
288,k41zT8oO,19,1
63,FRwx1Iu4,1,0
83,Vi8tQx88,3,0
97,LSgHi6JC,3,1
122,8aJH8A4h,9,1
195,gsPDDieG,11,0
160,dJZCP539,6,0
123,fPMwtJyS,5,0
101,MsY6Dvuz,19,0
265,xkIcslt3,9,0
24,Vs59YqVC,14,1
94,dpJ8OT1c,18,1
201,APPEdKBE,20,1
246,7mMElZHW,17,0
207,K3Lpm0Zn,1,0
97,vLkcihoQ,9,1
46,zLgtBjFI,1,1
292,9cnlcyy3,14,0
148,oV4IckNW,15,1
122,dQ9MClj8,15,1
300,yXcnXqRe,18,0
228,dxHyzGXB,16,1
132,HsdsE34b,17,1
50,yt9MdSGR,1,0
250,AiV3la03,3,1
207,IJ9s4GZm,20,0
294,tscBuGJx,14,0
166,PUaXJwQO,20,0
52,thrTlQwu,17,0
97,Wkm9Nm8c,1,1
17,OL7qK3hf,8,1
40,XGBOx7TT,20,0
168,Ak0og4Ce,16,1
100,6gsYuzRA,15,1
81,KeE4Rygj,8,0
18,55qqC5hX,14,0
201,O10cUApJ,14,0
118,kGmP0V1W,16,1
170,s6YsxC8e,14,0
190,DNriUeZv,17,0
294,GkifrTDE,9,1
187,upgbOxV6,17,1
109,irY4280P,2,0
26,QSbwUhce,14,0
184,wzQidpXD,9,1
21,WZxvf29l,5,1
256,6ZYDVRrr,7,0
219,oaKoTnXq,13,0
41,a3WhLA5b,1,1
207,sM1ibPON,18,0
133,oUa5jVOz,14,1
155,kjCk4hvG,11,1
254,jg6RPUrh,9,1
151,YHueL4po,4,1
253,pCHLJR5M,14,0
272,eQGw7DSA,2,0
205,Y56objVb,1,1
16,3soxtrwn,20,1
164,HfoUBEKX,9,0
278,AC8VUw97,5,1
53,Pf4yNqqA,6,1
191,eoAJIUf2,13,1
278,45Jjggif,17,1
102,LVNBhst2,1,1
21,XResbnrS,11,1
201,xsi0o3Si,1,0
178,J01lVaKw,4,1
161,D1S1qyLJ,9,1
20,ao47xgn2,14,1
62,L4Hjk2uI,18,0
36,AZrcUbNd,19,0
295,dpJOwyke,16,0
5,6RvgBNF7,6,0
29,N5oGePgX,6,1
181,iejNakjF,11,1
161,OgjBzRcs,12,0
126,9VMKF4tf,6,0
172,loWUvimV,20,1
221,zXYdjGFQ,11,0
224,ntZbHFFr,2,0
243,Ojd4kroL,6,1
45,ZRD5erhB,19,1
50,SGtoWoc2,14,1
202,EPOwAOi1,8,1
178,F97wXNb4,15,1
255,zEfPCK9l,5,0
86,X1B3IDZZ,19,1
65,tPvjgFyH,20,0
298,fYVJ1oGZ,18,0
246,OyK6GdMk,4,1
58,iu5ZnTbp,5,0
96,EVv1C4Pj,9,0
242,bnVbMXj6,1,0
156,7oQ8KruI,9,1
239,3crrseJK,1,0
101,puPUvOtw,8,0
99,bve2LPyM,17,0
243,alaTxrg8,10,0
264,K2Kb9g3j,17,1
244,czJDvxRg,12,0
29,nOT3eRtB,8,1
203,YLGlIFh8,2,1
97,6zQC0K4L,2,0
21,WZ8SnI1z,16,1
201,lRVcHDUz,3,0
3,SzFpmKys,5,1
72,XUnOJpmE,2,0
132,nxU7JOeM,9,1
19,Wz9trdNo,15,1
216,rzyLaTzn,15,1
74,i0UHoxD1,15,1
73,1mTAJ8s6,20,0
157,RfkzCjvn,13,0
222,WwOY9vYX,4,1
239,d54eiR0c,16,0
228,dajQL9K3,12,1
95,bnZXB9pH,4,1
141,wGoK3PEv,1,1
57,SdqQR9X2,7,1
182,zuWu5RmX,9,1
47,zujVjdEf,19,1
117,EYoprCfn,8,1
61,nWvkZkU6,4,1
195,6azL2mds,17,0
259,RzkCW5fG,7,0
134,jYUtIkQn,7,0
228,sNBluksi,20,1
294,jVZ2qwLc,12,0
59,so21ugHb,2,0
296,91JdAT5s,12,0
124,KN8P3HUK,4,0
157,eVd6ZQnC,6,0
34,oMH3qiXu,17,0
191,R31l5E83,2,1
233,1sV73fuo,4,0
53,KD67BObX,5,1
211,xSve9MpI,16,1
23,3hV57OQK,12,1
76,WuXrAWUM,6,0
77,PWsWrQeB,3,0
9,MPz2VpiY,8,1
69,UHr9JoBl,19,1
293,yODhQoUI,16,0
13,diC5f7aU,1,1
170,m0zDhtIL,19,0
3,w5Qoj77b,10,1
212,FoZ1zzW9,8,1
136,ozZqs7dO,14,0
59,Jbe2QbMq,18,0
237,uw2EAR4h,9,0
262,ZQo8I6jP,18,1
171,IEaBud1v,1,0
179,k8YSb7FQ,12,0
44,WIleFpI6,12,1
65,V4aD7fPR,19,0
176,kkzWaCCE,19,0
74,feFPEaLg,7,1
39,JWEar3ih,17,0
52,kpdDTbup,5,0
245,uOsZq0ui,1,1
128,HbQbpUSx,17,1
14,8CMufC2G,20,1
209,wDp6ddzs,7,1
141,nSZs673M,9,1
198,KcjnDUMd,3,0
129,fo6czShv,16,0
155,77OMuvrM,13,1
192,CHdptZbP,11,1
70,9Q9rOew4,5,1
218,h4KCHgzK,6,1
119,UQ9C7zFA,13,0
49,RVSCjBzD,5,1
94,5Km44n2f,3,0
89,AptXLHD4,7,1
232,zA6ZXyWs,2,0
171,UMicq2Np,18,1
293,Z007j13W,17,0
53,V0Mhwwkb,4,1
219,CxBMUbQc,2,1
290,9YYIrbrB,16,1
45,RSFjsigI,7,1
195,MMf0KVBo,13,0
18,H7ueFG0j,17,0
71,naGjGWLz,20,1
140,TUIG8sn5,5,0
103,dpGjYAuo,8,0
110,3Wp4C8Uj,13,0
25,WhyzS6ze,15,0
79,6ZvC33WL,10,0
36,pL2kjNiE,2,0
184,WXguddeQ,20,1
246,RzFunVTw,13,0
248,urIwXnig,6,0
79,JCvS0UIg,13,0
99,oY4119OZ,1,0
56,E7O0350S,7,0
169,A4sVFrxs,1,1
102,M8EE0RFb,13,1
249,FbWIZaMw,10,0
92,ZltbY6lj,13,1
189,d4s2IKXo,18,1
3,dV2z5GFF,17,1
236,jtQ3AYSI,10,1
122,d1pd2Vhn,10,1
152,waE9Uqvc,20,1
135,fvytkuI6,19,1
192,ndFkiRT3,9,1
14,VRPSUmXi,18,1
142,7hGUfYF7,7,0
274,ozgfDDW4,20,1
209,nMV41jXi,16,1
35,N9qjGeFa,15,0
220,IKMn878J,5,1
260,6uEK3It4,13,0
236,GBRvxAVr,12,1
71,S5kUuqY0,14,1
156,r3MLIwMg,14,1
260,7leW29CX,1,0
261,wwyHXOm2,6,1
54,2bnFYjTf,17,0
129,49lFSDUV,20,0
132,pnWBWGrd,16,1
123,arfKlyzU,13,0
26,Aylz3cGl,16,0
76,V9ikxc2n,5,0
50,jX08inAV,7,0
187,zDel80VX,16,1
139,A6IWlk4C,4,1
26,YS2Rxboo,6,0
247,ngbk1dan,11,1
174,wz5gYYaQ,17,0
18,eGpjzuRr,20,1
293,56VgpZ4Y,11,0
34,4xGZCENm,1,1
95,pFjUyWdR,16,0
6,zTxRRksj,1,1
287,Nz0yIISO,10,1
95,hj3iTNEv,2,0
184,Km3ogJlH,5,1
161,p0W1lBQv,10,0
276,zSKwiQXT,12,1
283,O60VN47b,15,1
238,xdDcscYZ,18,1
111,22LOaC74,10,0
115,sefD4el4,10,1
68,bZviy6G0,16,1
117,NIrHW80u,20,1
203,mbazawE8,11,1
166,RSqTCBb2,17,1
164,aYqdelqv,3,0
172,mJSUSG0M,17,0
103,3e8ZO1xz,7,0
84,Bni34mX9,9,1
19,VfPpqEhR,20,1
13,ZaDElRDb,12,1
108,IFOFfKzL,9,0
54,Fq4vPor8,3,0
24,m7ZbSzq0,15,1
108,9G1DMLJR,7,0
222,fVEiKYmG,11,1
290,iPfQgG1v,4,0
102,WcNu6CDX,20,0
66,ZvYK50KI,15,1
157,OoQBTEzf,4,1
186,U9yLrlIs,8,1
100,5KUfhcSZ,2,1
177,i6uw3Xfp,10,1
126,S8qCqZti,3,1
113,wspY5Zb6,7,1
153,n2GUD7r6,3,1
212,d1pw0YxP,4,0
164,SjtiQrH4,2,0
161,wnKplekD,1,0
264,NKDEmfNW,6,1
182,zrtwdoPq,8,1
100,RWCTivJC,20,1
263,ebktP1aO,14,1
39,Yp1JwKSl,16,0
174,YI88BO0r,7,0
169,gzdFCEy5,6,1
44,jYU85tkS,7,1
295,lBTIFEgC,8,0
6,463Mwmbj,13,1
212,sY8Godke,7,1
267,HLMX6gwd,15,1
121,oxVHEIk3,17,1
196,sWCNFPGZ,12,1
240,dQYzJYqE,3,0
26,tpTl6IDm,19,0
209,kJi2aRR1,20,1
196,tPMUHh4J,1,1
27,Rg3S2zYt,2,0
106,p9VajE48,9,0
95,KEOAfnie,9,0
178,QoAd0clt,10,1
84,JjqS4aMI,4,0
17,hD99CBhO,6,1
131,LgJDkmSZ,8,1
103,oWb4C30y,3,0
30,MZYtWXKK,11,1
281,LbzuJ25M,16,0
214,0OUlati4,16,1
134,IcsMCuuv,18,1
190,KCWSg2KR,9,0
56,78Jxs4aN,14,1
269,x8XCwR8j,1,1
59,jJbDLBVU,11,1
100,fdc3WoOV,4,1
27,rDbRhNnz,15,0
148,6GOBLrJd,20,1
42,VLA3xHeo,11,1
288,mwd2N97z,18,1
273,gPA2lCwy,19,1
292,ZOGMvjk2,20,0
212,RQjyHpfN,2,1
208,rn0alwlJ,9,0
236,U87Xidr2,15,1
284,T3LGeqEi,13,1
121,xcyt4IXK,16,0
24,W8nGj87M,13,1
24,X9Wamqbl,6,1
296,RAtqjJ5r,4,0
191,lnl6i001,3,1
117,dZMZTbcU,16,1
31,CoGSh7FA,10,0
179,ZUHdF9U7,16,0
252,zutERhxx,12,1
270,4SVw5Zci,1,1
246,xjnuRrkY,12,0
119,gqLSwuEX,14,0
206,Oe24z6Et,2,1
238,gapqDg4g,13,1
228,c1HJVUKw,11,1
226,5wyx9JvH,14,0
104,OHZ7NiW9,3,1
49,YsHwP0tz,6,0
189,stOwuGEI,12,1
179,yNWemEQq,11,0
63,d8UXlYPD,5,0
234,iE2VvDQS,15,1
7,wmwZZ1c7,1,1
159,QjZ9paoS,1,0
183,uXv2s2qn,9,1
239,uFI4NnFd,19,0
293,PbytJic9,6,0
58,FbCXBNcw,2,0
114,CtayjJla,18,1
36,CKmfvmLd,5,0
285,A6KinIpq,20,1
171,Lcg5KNLz,2,0
170,odTEBlaK,2,0
18,swbsKSlC,13,0
247,BCA27Tdb,16,1
167,9NA1ClkK,3,0
257,KrMInFgn,4,0
253,eezUFluC,12,1
260,fQN0NQ1U,7,1
287,APNaz27Y,7,0
292,VAqvsDuK,11,1
62,7QJDcIiN,8,0
192,gAGBzugx,5,1
193,NmfKD5Kd,11,1
44,8uBcsr3X,10,1
198,EPM0Qg0L,16,0
190,7tp04zxI,18,0
225,Px31TQHj,9,0
185,svfOpsYF,7,1
95,lljJJAlX,15,0
299,Qxxxo8sg,19,1
68,GeZUIy8Z,3,1
44,2IobJD3c,20,1
169,kiTkW9iV,15,1
38,R2huUeXH,13,0
291,Gysr4SyN,1,1
166,O9MI30Qb,12,1
39,dYXS5zDg,12,0
153,tAa0zM6H,14,0
276,va49NuWL,1,0
85,9BmkkZ6w,4,1
84,aixgJzsM,11,0
253,OMy7WuCS,6,0
88,Je9X5IhL,4,1
68,bFkOXRKr,12,1
281,HeoXQn7M,7,0
55,BlPprOQZ,4,1
227,QBelvYfy,8,1
239,4nmxVFKo,12,0
85,Le2QZhQ8,15,1
234,7yWDTbLr,14,1
286,8ab8QoqI,16,1
102,pYVH4q08,6,1
176,TLHwGFjN,12,0
184,5XUyaUYi,1,1
191,xlfxNVJ6,10,1
53,ElrmqnBR,15,1
80,Jw7f55IA,12,1
266,BTAwhR9b,15,1
263,MXRjM9RX,7,1
262,UaW10ZTU,4,1
219,xz6DGuuO,4,0
65,Mj7lHMgR,17,0
28,bRqo6nK3,3,0
18,u8Vxr2bj,19,0
70,vRnZ79J8,10,1
230,VAr00Ym0,11,1
171,ao4QCii9,19,0
43,LcVwY9jy,19,0
291,4ZRvfkIM,10,1
94,eX0jCLho,15,0
252,aks2NOKA,1,1
227,XLDuMYKU,1,1
158,mE94pUcm,9,0
27,BtmgazGQ,13,0
35,cX3RmzY5,16,0
12,symK8xW9,13,0
19,X7jvzBnW,6,0
94,lmnf03Ul,20,0
198,xlwcwtW9,7,0
73,9mQx0Zpt,19,0
5,C6Brf654,9,0
130,UMF5Ei1g,15,0
5,wQcDbZct,19,0
258,PM72foUg,5,1
73,zYzPTylA,8,0
173,ycnRVgOT,3,0
271,D8p0y9Tq,17,0
188,dGKBmFKp,18,1
11,5bsP3S0w,11,0
4,NypaqxwP,1,0
93,zCo6MHob,6,0
105,qSBg8CIL,8,1
61,We7AWZeg,8,0
204,Ph8JV8lV,18,0
62,CwcMhWGD,1,1
98,cEHsl3wI,17,0
160,8VdTjscZ,18,0
30,aWqO1phg,16,0
140,HJXAWuEy,14,0
123,XkSNepWk,8,0
152,hxG7efRL,8,0
62,m4nehYOn,5,0
12,uqmZTIEj,19,1
221,dgwpKG5L,1,0
116,CVuSmtfq,18,0
93,rf1h5XhV,8,0
188,5r7UV0kU,19,0
280,lTyrvJ6s,16,0
39,FYwH4p5P,3,0
290,LlPHhmGk,17,0
173,mpCbNBC0,18,1
177,syunXG0M,18,1
226,ISy6N9tK,1,1
92,GToFMBcR,3,1
93,fGmKVrG4,10,0
81,T7sWFKGb,11,1
258,40gQWj2s,20,1
178,sFI7ThjA,2,1
19,PfQPP4IF,3,1
282,72L5ux0z,12,0
16,V8C2pgfq,2,1
202,DIQl6B81,14,1
257,eMQdAd8d,20,0
96,22o02WCd,16,0
130,K198cxMd,17,0
216,HmR75BOO,9,1
257,L01BG7dz,8,0
146,4DaYy55o,12,1
117,4kpiVPkw,19,1
223,BSiRFpoW,8,0
161,ZHgsK3vl,20,0
279,B1pMs47c,18,1
4,ZqoMdmk7,8,1
124,gzj7zaqC,2,0
75,ne38kZ4T,4,0
261,OshsHj7T,3,1
224,ZewU4zND,19,1
55,Xw0LuvHZ,7,1
223,ll00dNvd,11,0
57,bU6KM5vt,8,1
5,xbiNpfGb,18,0
7,n1LewUoU,19,1
50,ydhAKcAP,2,0
220,09TdJGfz,6,1
20,fThWD2mz,3,1
260,ye4yQ4ta,14,0
1,204qA5Os,4,0
8,jleLrAt4,19,1
58,0pv53TOh,13,0
274,NCXSVnOM,19,1
15,hszCHHrI,20,0
34,lK7NLJN8,10,0
36,ji3cdupe,9,0
267,Tvpj7EDK,7,1
267,wuJjuJNm,1,1
265,5t49k2nQ,15,0
34,ejPEUs2W,15,0
36,YWazWp3G,12,0
42,q3AhZ3s3,1,1
37,xs72Bobz,19,0
31,I82yEQbL,13,0
14,KRDEmtTp,4,1
219,KmEKyqeN,17,1
35,SbUPYPpe,17,0
114,ytj8elwn,4,1
157,kbfnozWc,19,0
247,X7eRtARu,1,1
216,N0sPJvKW,7,1
205,tbpGmrVA,5,1
27,yGclHX2E,1,0
123,okWblb2T,6,0
237,ryL49rV9,2,0
290,kIsOC4UT,1,0
168,IY2rp4yU,17,1
191,KZeqL1BV,18,1
122,peyITogb,12,1
153,8mH8mSD9,9,1
178,le4o36Xz,19,1
3,p5akhLKN,20,1
277,b6Ie9weh,14,1
279,84LNJsFc,5,1
38,mg9JEeMl,15,1
89,MYn8OamW,8,1
58,kExrW7N3,14,0
42,4qqnpHId,7,1
84,6whsWckK,14,0
162,D65uWcnU,19,1
136,QNsyTTsW,20,0
212,UAVKiUaR,9,1
120,GerMnNdr,10,0
186,QPHMkGwK,1,1
22,NzpJTo2N,5,1
31,AowY6cQP,6,0
29,YHD3h97r,14,1
135,XWWbcR8y,20,0
213,vsEv17Gy,16,0
32,w9FR2lIk,9,1
73,gLYV7ADu,16,0
131,dTWToWpf,16,0
281,AZKQ48Eu,10,0
233,RbvsvgJP,15,1
172,x7gvj6rg,1,0
23,58ycoW92,8,1
193,qOEZqy71,8,1
198,V7Bq6bYi,5,0
68,hPc8E6Em,6,1
17,wbxyzkwy,10,1
287,C0nrwBnN,9,0
126,G6wvsQg3,10,1
82,iCf9r6C4,9,0
236,aCMO9ghx,16,1
219,R4i2Mycy,16,1
263,lcvVKtAt,12,1
264,mQqcLOgD,3,1
283,Gv8xUd0O,2,1
17,qM1S7fSQ,7,1
126,pWW300YO,15,1
248,nXRtvRav,2,0
201,qfemIjaB,10,0
8,jlWKCADL,2,0
191,ODV0Fg1C,15,1
203,cGSwmt9N,14,1
115,lR3cJvtp,5,1
208,6tNInC67,12,0
286,WIQyDXUt,14,0
154,NBUB7mL8,10,1
65,UVRCKfKV,4,0
57,PlJycJ53,14,1
275,8wTwUZI7,18,1
98,2xBhto9o,6,0
208,AiQacPSa,6,0
250,Xx2ZAnIU,5,0
42,WDUkDcu7,12,0
163,msV816JH,15,0
2,IkHYIkcG,7,0
216,5cARG1TU,10,1
195,EgsLcXrt,9,1
158,WJWfLuR1,19,0
26,UlSp2Quv,2,0
234,wYwv0z2D,13,1
2,AQ7FHMRq,3,1
2,gVA25BL0,17,1
244,bUgimoUx,20,1
140,nzqyhIn8,9,0
247,9LLMPkKu,9,1
245,Htft5nnP,2,0
230,5g2Gqd0o,2,1
197,dFrOrmMR,13,0
24,vRsS59k6,20,1
288,nFUBWFPQ,4,0
140,AyddNTJL,17,0
214,Fegx2CjS,18,0
289,hoZZEYCP,6,1
123,N76nh0et,12,0
169,nfp7LpUK,8,1
256,ScAXDWGy,16,0
98,WEakgZy8,20,0
167,Mxgtz5X7,5,0
99,lcMmdaBo,19,0
232,x5OSXHXR,9,0
226,z8f4x7wB,2,1
296,J3tJoAE3,18,0
181,xugY1gj3,9,0
282,2GurdSEv,8,1
255,ZOFF8MoL,1,0
275,DBaZtd97,8,1
25,TFDPlMuy,19,1
4,7t80nZW9,14,1
159,ZTlSYFmX,10,1
204,sjSWcmxH,2,1
286,mLwq5Hq9,12,1
299,Oq5J8xLR,2,0
77,ByRClWWP,15,0
68,X3weZCV5,17,1
292,TIvSWrfQ,4,1
249,Ylf5gxhT,6,0
107,nePShNrB,3,1
249,bDvUqbm3,4,0
6,yLRGe3ra,6,1
29,WSCMqnux,2,1
63,NI1sun5j,16,1
123,4G26ovNw,15,0
137,cUF6rrA0,12,1
229,RFZjTDXB,7,0
285,hD9WAXNs,6,0
36,VoEmbIAA,16,0
94,2gLWXEQu,16,0
262,RT0cdeh8,11,1
228,AiULsj6r,13,1
163,f7kJCvE4,17,0
210,hHEwJ6tl,13,1
243,fg0CX7bB,7,1
223,tZSn94NB,16,0
91,U84m6dk6,12,0
173,F4qI7BlB,13,0
257,qQvLmLEz,16,0
38,q0EVRczB,6,1
76,36jtLjQG,13,0
213,i4L8PHas,6,1
57,0ekjjkTs,12,1
96,vQE5pyKp,19,0
101,l8aHDiTA,1,0
269,05ym5lno,5,1
265,56osO31v,7,0
295,ensl5HbG,2,0
80,szZ3VnsF,1,0
268,S7bWXc2L,1,1
197,lw2oPq6F,6,1
18,tdrcgza8,5,0
106,lRCJ1wtK,8,0
177,dzBbjdpu,19,1
26,RzodmKJK,20,1
141,eoUn4nCn,3,1
195,QgcTLz6v,16,0
7,ubnn2f2C,10,1
196,Jg5IhGk2,11,1
63,kytOm9LR,4,0
250,UJUEzF8e,12,0
72,ud5ncCca,4,1
184,xUFFPOBs,16,1
130,bXyl6bdh,9,0
60,AHIhZsIE,8,0
214,A2vBbd7r,11,0
52,y90f4Lux,9,0
226,Tk3jGlJm,4,0
266,Wlg6Ocna,17,1
31,E617l5k2,20,0
177,yA488fr3,12,1
86,igHf8jx1,11,1
217,OeifDwRG,7,0
237,vPNf7wQm,19,0
29,rDUQSldX,19,1
95,3Lf3ZbIu,7,0
271,LTlUuIxk,12,1
266,4X4xB46K,5,1
251,EaTbjhSx,19,1
149,rdPZPlFF,7,0
33,GCNPXdvr,19,0
24,awG1YnXR,17,1
133,DIjBq8wa,4,1
105,x13iBJiX,1,1
203,nAX3RwHF,18,0
217,9hHhno76,1,0
286,S1G92QbB,5,1
113,cc7Y3839,20,1
62,mPS5mcRQ,4,0
77,1MtYeVPY,9,0
93,R4Woc2yE,4,0
37,1Co0168z,20,0
295,7fSPOoZr,18,1
191,fzNjeZ3c,8,1
228,awNlSeP1,5,0
58,m93ZCIRf,10,0
101,TOJqb3lo,15,0
44,jbM3DRpV,5,1
12,4wGuTQSh,18,0
203,GkpoZ0TO,10,1
238,Ha3YvaoU,14,1
258,tioNvPjL,13,1
16,fCCHzL3q,14,1
174,E9kDvcdk,2,0
183,ukxj23VQ,1,1
83,1U3rY1ph,9,0
94,MAVOrRkY,5,0
148,8uh4KIrE,4,1
75,HWgb8RBB,2,0
131,9lSsIqo8,5,0
267,WtHThvX9,14,0
266,VUR0nFcB,10,1
257,kyRP6PIM,6,0
129,5aA8GTR9,1,0
163,1OGhj0AT,2,0
230,eGKWn1Sv,9,0
80,QbxcBxdi,8,1
169,25BWQ0yt,18,1
56,xUAwwqnG,4,0
192,PcmmSzLb,16,1
142,OjmMm4CD,14,0
223,W0wVV5CZ,1,0
158,hBnbjaCG,4,0
75,xoRyS4Mt,7,1
196,obKANvV3,2,1
210,8TEkLIwd,16,1
123,k62Nor9t,7,0
192,HRbEqaoY,1,1
226,tgiGdKSP,3,1
37,ioBQTuDD,5,1
6,pXcKDNFg,4,1
262,XA4UBjdj,10,1
207,WbboYJUb,6,0
163,f8gUoapy,3,1
108,RbdjCiIH,17,0
204,WeWo0vpE,8,0
70,49hTH7RB,19,1
188,LsOEMSJt,15,0
80,pOAVOkE6,9,1
177,GAqGDldd,2,1
225,cD3eveSQ,19,0
137,XIBwwBHF,7,1
181,Ffx2i5f9,7,0
50,7LOTnadF,10,0
253,JejhMIvf,17,0
241,vfT8rAcd,9,0
63,dSjxWBV2,9,0
162,5nHLWbda,9,0
32,OqtbmKIL,5,1
175,gyFiIZWy,5,1
91,2WQdvjpR,6,1
232,f3IYAyu9,13,0
12,EKTtneX8,6,0
266,qNyl4G5B,1,1
159,apv1czxB,5,1
258,zOBelwX0,7,1
8,q5f1q96J,14,1
293,QtzrQK1d,13,0
291,KhBT1kfA,6,1
176,QMewVgcj,2,0
263,4PJCARRs,17,1
230,mUTWdTEQ,10,1
146,5OKsvFj1,14,1
43,qbm98sND,16,0
90,1zgUpvP2,9,0
193,U8xwTDy6,7,1
257,hMKIWDI4,19,0
292,K1Ak2x6q,16,1
240,d8CHm0bv,4,1
149,k1nBbKZA,16,0
234,lmhqVgZF,16,1
245,AiilViPC,10,1
53,SpW97abd,10,1
291,heVmfNX5,18,1
24,EZjMZ6SZ,3,1
177,xyvU1RAK,9,1
108,mfnr6YyV,5,0
193,UrzCBwft,3,1
51,2SrbP9mF,4,1
105,qhhtuKOh,6,1
185,WDqGW6XF,5,1
139,np6KOLjb,12,1
257,rtvhJjph,11,0
296,AWe56TCF,13,1
113,IsOvTfaJ,3,0
27,eK5bcM8l,5,0
194,0MGEyJxD,3,0
130,YSz70E5X,14,0
211,jJxholF6,12,1
116,HoCMnW0z,16,1
4,UWH65aLb,18,1
101,TURJqmAO,18,0
271,RFyJTijb,15,1
277,jc9kLIrq,17,1
64,bn448mEz,16,1
206,n6oQ5Op0,15,1
129,KloHOQUO,8,0
211,eDe4dIu7,4,0
275,EbxcEd1g,1,1
283,68jHjMR1,4,1
293,7SkhhJV2,14,0
85,sfOKcBl9,20,1
255,bmNi2bUE,12,0
194,dEq36WXP,14,1
101,qU66xkq0,12,0
199,Sj8XJ4eI,15,0
210,M4wtSVqN,14,1
223,uWTaaLEq,5,0
114,uME6W2yu,20,0
38,gBS31wPH,20,1
154,CwITuNZP,13,1
250,xeiTv7QA,9,0
167,1MhxI0wc,19,0
231,loVf78MY,20,1
185,TW8p0OEF,12,1
95,71lmy0JQ,12,0
115,QYJPIIcH,6,1
194,HYyrET9O,15,0
74,wOJUNJFs,17,1
282,UrI3W9xq,3,0
103,cNVphGPv,20,1
247,ZOzkIhk6,15,1
148,VOJHEmEA,3,1
170,NV14sW2E,9,0
176,jMAHijVj,13,0
242,LYUYXfHa,8,0
7,zKy6ZXwI,8,1
66,gMZ4ltDM,2,1
298,wkZWR5VD,2,0
113,eHS7arqR,19,1
215,a4Ypd4sv,11,1
66,8v1EA0qi,4,1
165,vwVp8k7H,11,1
296,nYhmignz,3,0
280,vyoqOiOU,11,0
149,TUA5HXrr,17,1
267,L0uylm82,19,1
195,IWmGPwOA,3,0
282,G68SuJRj,19,0
46,bIV5Fjj9,19,1
287,qXtsQOmW,18,1
129,BMIKSZ3m,7,1
185,oJjNBQMw,11,1
161,ZRt8ChpP,4,1
46,ol11yOIe,17,0
299,tEfl0VTe,3,0
151,ifqaEtqf,11,1
21,upnGPLAA,7,1
33,hhlFnU4W,8,0
254,tIVorxBG,20,0
7,khwdn1oS,13,1
254,O3y1sefp,18,0
223,Au0Qfvo1,20,0
273,HErPKaig,18,1
64,F951kmMS,17,0
99,a134eGP2,18,1
33,Ncn0OH3t,4,0
224,GSqXWjps,16,1
135,J4QGY32B,17,0
46,848sqHNv,16,0
162,2k06X1Ri,7,0
15,hcRGmlFt,10,0
82,pHOHNlOw,11,0
288,qICLoWYh,15,1
81,R0oFaVWo,12,1
162,zrueFx44,18,0
74,tjTY8iR1,18,1
254,ccUoCghV,1,0
278,GioHkQqa,3,1
84,e374YHGv,8,1
231,cRXQsTz5,18,1
54,xJv5RzNc,6,1
200,S50bJQPI,6,0
233,81ay7Qmq,20,1
134,Nndjjpkf,20,1
54,Jt5TfO9e,1,0
217,HhdiAjn6,2,0
131,wvTfdO1f,11,0
31,k0IA2vIp,12,1
127,eIDjI6Kn,19,1
224,5eelDyE5,9,0
160,KXWrh1Hh,4,0
295,CaQ9053S,12,1
282,Gql4vEW5,15,1
69,Ea4rKNus,1,1
155,M2ehQbfX,8,1
209,R6LOjJ0o,10,1
8,HobFXFTg,17,0
171,N5jncOtx,12,0
194,WQhAiknx,12,1
116,Mycc3dgM,3,0
188,Yhwg4zLu,1,1
70,fR5WetOj,17,1
28,H0zatpn5,16,0
256,cvkzdI3p,13,0
104,i6gDOezP,10,1
116,pdD3CAtw,4,1
71,Xgl7Ofjd,9,1
288,9elouAzz,11,1
85,CNdWuIZF,16,1
262,8mkmrdkr,7,1
220,lnFrhv2u,11,1
109,A4GmRN20,18,0
15,hWfwsE9j,1,0
290,rv46cTUM,3,0
138,QCMlMmX6,7,1
277,htXf8XiH,9,1
218,xX0lRQ3y,17,1
178,MAIZk7cn,12,1
10,QmrKwgmc,16,1
39,E6AGO2IP,4,0
217,EYFxEWtd,19,0
63,r2IEemic,8,0
229,S9wYG79u,4,0
234,I8d4dDgt,9,1
141,eSQ6mwcI,8,1
116,K5FmwRz1,2,1
148,XFTYqVzO,9,1
150,tITFl6Ew,18,1
197,PcU5sCeM,1,0
286,YDEbDOFZ,7,0
74,mAVOxtiL,4,0
258,NOIXAtTQ,18,1
22,tlQBWWtw,8,0
279,6Ru09pLc,17,1
244,dXwQI9Zr,14,0
198,K7NR3CW6,19,0
68,nOeYurP9,20,1
40,trGOB4EU,12,0
154,oQYbf61f,5,1
151,Xm6kxBSA,18,1
283,txAXh6dL,7,1
32,p9GWnvPq,19,1
280,JYwj8eQd,9,0
85,A18rC6Gx,19,1
220,BWzOkySB,19,1
101,MOeE8XJI,20,0
277,ESNy8QTn,11,1
92,mOWETGKM,19,1
10,n77l5WmK,5,1
133,wCxgEBaV,15,1
56,gQWgkHts,1,0
83,C4liuVqK,6,0
120,ifQukDiu,3,0
90,8zHvKQnl,19,0
102,PlWvDS4z,5,1
129,WSNnRmX8,11,0
95,Yn20pATW,20,1
155,zT3jbfL1,16,1
235,568n6U7P,2,0
124,B1ZFSyZS,9,0
17,UKvL6TfH,12,1
31,Il03Puhx,7,1
212,fgCYVNVP,17,1
112,0AGcgQql,15,1
5,RWdAaqF9,20,0
122,u9eDCy2H,13,1
213,cFRS3wlH,7,1
46,ojlW899D,13,0
3,2W5Xq8r9,11,1
16,JB3mynqH,13,1
281,uv0MINiI,6,0
20,i2Vbur5C,11,1
54,obeNcJ1R,11,0
38,MytHqGw5,7,1
57,ToncDepk,16,1
260,i3CYpuQ5,10,0
220,JyXV2TG0,18,1
285,0oDmsiiQ,8,0
121,7UsiPQQl,4,0
98,aSSkFQvX,15,0
195,iRBL5SBZ,20,1
113,pMRel4Ce,17,1
78,NLlpNcqP,5,1
219,6S14pTYa,18,0
186,fv46eklX,2,1
206,um28GCm1,8,0
254,y9L1mWHT,6,0
91,db7TJR9R,8,0
75,M0zYPv4d,9,0
258,5fQigx8N,6,1
38,17y8hvEi,4,1
238,VmSA1jkD,9,1
132,bSfcVzmh,19,1
222,p4GfL8RR,13,1
250,WBVZPj71,13,1
241,xgL3HRGw,3,1
257,nkjlLS2K,18,0
264,RtLuJ16F,1,1
227,ac79mUpr,5,1
221,BSNnHXqZ,2,0
199,7Abi1udK,13,0
77,MriZgoaA,5,0
144,ajepOBWx,8,1
16,8LlHd5H0,12,1
98,SBZ07Upw,3,0
143,bd1uWFOj,16,0
94,RyJK2dLJ,2,0
229,lzSQNhUr,11,0
297,wRUVdJaa,5,1
236,vupZCUU7,14,1
83,bqffWO5i,5,0
159,l7No8ynA,12,1
196,MQ3V9jcu,14,1
11,5cC99WmS,8,0
151,tuYfaZGT,2,1
228,TbyL0ikl,8,1
198,ZijcrgED,1,0
251,q7N67huK,17,1
126,JvTJ96x2,2,1
78,gBq5zmDb,3,1
236,J3ro42qw,1,1
108,JjoYRYtr,14,0
209,tiBISMGT,17,0
66,N7h6uZ5d,3,1
251,yZQxSEcZ,20,0
6,1CyRt9HK,14,1
261,sJXFnHJ4,2,1
73,Y6ABba2u,6,0
191,dZNZ8ZnQ,1,1
266,Anevm6Oj,16,1
4,UOy2fQUp,12,1
189,IiF4rk2c,11,1
228,ygffc8Xh,2,0
195,NyzSJ6oL,7,0
199,uuS6IzGS,9,1
79,VJEBfH7K,18,0
158,BBMKxf5M,5,0
193,hvUpplyf,2,1
18,uvDgVJwS,2,0
111,UWPcYDIk,1,0
278,LFNS5eLh,6,1
81,PXA52izp,13,1
187,O4rReprB,15,0
276,tcjy2elX,2,0
38,c4Ht5VZK,5,1
119,5kSVUBWG,5,0
45,KDUWiNjh,14,1
17,BOZzheAV,14,1
74,aWEUpEjb,13,1
172,os2fgTrd,7,0
241,u5my7mzb,5,0
192,1ysvBmX1,19,1
103,NK1aiPDN,6,1
220,ARxSOfTV,20,1
210,XRGGCs2H,1,1
129,aNqT39Rr,9,0
6,SaW7rZgP,9,1
95,ZZC4ZT27,1,1
79,hfxB8mla,6,1
200,GMXpvvEA,9,0
283,Il23yAQt,3,1
197,s8ZH3tXg,5,0
170,KdZSwFxL,8,0
128,JZikn9n7,18,0
186,6NaKrT7F,10,0
87,YRqt760s,14,1
55,xKQZvSvQ,11,0
259,cqp6aITB,16,0
119,41zehw2t,7,1
299,meazjWLx,16,0
205,nGW4KVQ1,17,1
145,5IbClIYv,14,0
53,VvgqfIdy,14,1
171,sFxpl2p1,5,0
160,RznHERTs,13,0
156,zBQ09v5m,15,1
60,DhoFMHfq,17,1
283,7oNrBQNm,14,1
62,lSuYimgu,15,0
286,RJLXFMfy,2,1
165,NuXEr1el,7,1
5,6lmoBAm4,13,0
34,dCea7mV9,19,0
80,luqU6XVb,14,1
141,P8TLgAP9,2,0
198,0bzSHYvo,18,0
43,ikDxIMGE,9,0
181,Z9x1VWlB,15,0
132,Qlj3xo91,3,1
25,uOepvBmT,14,1
176,CTuqlg0r,3,1
74,pUlujjxH,3,1
187,h23wm4br,12,1
238,TJ98c0LN,8,1
106,M6VfknST,20,0
55,0y6ZDlRA,2,1
4,RaSQhonB,15,1
141,j65fGapj,16,1
270,G3XLNsuB,6,1
37,TI4eCnOy,3,0
36,HsAOsnaB,7,0
1,xlKeAz3f,2,1
262,Yq44RySb,16,1
108,slDT7CqQ,18,1
106,yyzEIVFh,10,0
123,l4wvRxzl,3,0
248,g5kWE3Ni,3,0
273,8XYZNQWd,13,0
173,OB1s5Ew8,16,0
152,d8Vlt9xE,9,1
113,InhDAK81,15,1
201,OztQnzCp,15,0
246,MQQVW8Bf,15,0
36,WLhhA5D0,13,0
63,lHj0KOth,19,0
189,UjKrC946,10,1
227,TXEx2W9r,13,1
300,DsUfM62z,17,0
191,QQJVbbeb,17,0
160,aicllsql,14,0
139,wsEApJYF,2,0
167,ItcouGkV,9,1
243,Rjpg14sU,18,0
236,8pN09y7Z,17,1
231,Dv0vw1v3,15,1
76,bEnTijV6,17,0
172,uQWoAbbe,14,0
34,9lnFvnvi,16,0
179,b7O4IwC3,1,0
49,iiVTSrFt,19,1
167,eW3aGb8X,2,0
264,JLpi7aYY,10,1
292,mL0CIC7c,9,0
228,UF0oKzxL,17,1
196,psU0oHXD,18,0
149,38yYIsjv,15,0
235,ZxYUwTIT,10,0
22,WYrb4uLV,18,1
234,4En13PJD,10,1
18,xpz0Aak1,15,0
168,SnG43cd1,11,1
130,0uJBRiuT,7,1
223,SpNi7mQ1,13,0
145,x81sGLSO,11,0
45,5VyGD5b4,18,1
197,d8wz1DRt,14,0
7,f03lhBxm,20,1
270,tv0zQPFD,2,0
14,vGztcGHK,19,1
11,v4rUHvLu,16,1
243,487zbuwr,3,0
86,7sfRGTcf,17,1
73,1EelmC1a,13,0
46,IqspnAkT,9,0
43,12jpr9RY,8,0
63,v4ZS8lCX,17,0
118,5VcM8BEM,9,0
155,XCR6JRfN,7,1
239,x3l3uMCt,9,0
268,vfDKM2CF,4,0
253,SmSPO2Y6,2,0
158,PGonny1H,1,0
15,qPBVi78t,11,1
25,5VWW6Uqk,18,1
89,IswnLapv,18,1
91,1wNRxzxP,3,0
32,Ef3oV9yF,18,1
296,gD094IAx,5,0
188,5ZigCGfK,9,1
203,K4U7qjcH,4,1
286,xeThubuE,13,1
147,I1899whm,9,0
71,ptSJtzrq,8,1
188,ovjfQsA0,11,1
31,GKQemuEm,14,0
279,25qY0B93,10,1
119,6pkeN4ME,6,1
222,hahYvjwQ,14,1
300,qd2UcRPs,16,0
46,tXDHDMq7,4,0
162,vOlCHvlg,1,1
200,WpSTYNw6,4,1
179,AV5eRo27,4,1
136,vukvvkqu,15,0
218,94AsmSL3,9,1
160,XKxqwUMm,5,0
124,8t7BkCRG,3,0
21,L2z4xF6z,18,1
106,MfJb7SjK,4,0
45,d7wPvJAY,2,1
186,HAQhj9KX,15,0
106,tEKhqKRl,5,1
280,ya8Zyo6D,2,0
297,VawD37V1,1,1
272,k2dqTfZn,18,0
11,yIdnITtL,7,1
258,uGpTDGih,3,1
45,06mi8kCR,3,1
185,B6FoyDa6,9,1
182,gLUzl2mQ,6,1
104,yGlPdJsX,14,1
104,d8v3nmd0,5,1
263,1R6I30gM,16,1
265,N3c6gYRG,16,1
23,FTp1JHJR,20,1
102,8s4Ri4Hj,3,1
134,SERD4lnk,6,0
215,ZRjvY1Cm,17,0
223,zxga1Jl6,2,0
165,p8mpHdc1,4,1
248,x3fD8Dp3,17,1
22,cMddv2bT,4,1
87,UOHoPsZj,12,1
290,TleQqqKT,5,0
83,gCZr9qyY,20,1
39,UbTivVgP,13,0
231,Di3SpeI0,12,0
67,YRz2jC4M,16,1
96,puSB41zU,2,0
56,iKnqiaZ8,16,0
197,bkOZkUk9,17,0
128,bnyPaVKU,10,0
216,6NUi3S4q,18,0
75,zKB6G7Ur,6,0
83,0P0qSFSM,1,1
235,iQ5zW1C3,17,0
120,tG7yxuhP,2,0
149,MTYcRpWo,2,0
273,tJpysJD2,8,0
247,7iud9eMe,5,1
184,fDVW0ma6,7,1
101,WgISvE6A,5,0
275,2QGjvGPV,17,1
17,Hh4b1K5N,9,1
33,ikEWU69i,16,0
274,UmvxgF8r,11,1
246,ZT321VtH,9,1
188,fIF65pTK,17,1
62,MNhbZ7Or,2,0
123,q9QXSsaG,19,0
206,9rH7YZRU,4,1
277,gaizwhvQ,4,1
25,LthxBvKr,6,1
161,pwYn94cM,13,1
219,t8jhfrht,9,0
255,z3cvA4pk,7,0
233,N8bYcXLj,12,1
176,Q19KjpDh,4,0
186,PUXTdEbZ,3,1
114,2DV9JbTp,11,1
285,h36gtTmb,16,1
146,w7ZiXHS6,6,1
188,BG43djNC,5,1
236,SKvYtx73,2,1
3,CIw9uKiE,1,1
64,cZEV6BvR,2,0
265,y8dAdniP,18,0
111,ykc6ESTt,5,1
149,s9TCPe2E,20,1
17,SvvF6uSn,19,1
215,zjx82Jkj,6,0
163,D3wQtI2j,16,0
24,OeAG9DK8,7,1
136,1Za0lxYJ,9,0
200,ERH4cjS7,20,0
188,mdxRFoIF,20,1
242,VjpEalSY,19,0
203,PABM5F0L,5,1
242,I9jqBxxm,10,0
270,5PQz2Udc,14,1
179,g6xNuCnF,15,0
200,ntgJNB0v,5,0
246,B9J93PuZ,14,1
34,v6M0twJC,9,0
282,qyPfJh4a,17,0
128,rinlpx1u,19,0
7,nt5fcdRC,4,1
148,Avt5GelF,5,1
138,4B2sddyT,19,1
172,kXZLw4kp,4,0
119,gQzc2Ddo,11,1
206,4qvPFZru,9,1
12,4A75QOrf,9,1
158,CwfBjx5E,14,0
102,VdPwm3Lz,14,1
171,lsknPH4t,14,0
106,rhww9Wqq,13,0
45,7NSJAGHg,6,1
168,QoCoJ6vQ,13,1
9,M1iDUH69,6,0
97,yp1FBtCU,13,0
26,bjdLdwQ2,7,0
241,ONgCZhup,2,0
13,VkVtbMcT,6,1
253,POUorAWt,1,0
233,l4Re5iIY,16,1
126,9mYo6LUZ,14,0
30,FRe57oYe,5,1
24,XUHX7f5z,8,1
104,zqXDRIb1,18,1
290,EhGEL7Dx,19,1
295,ochgfjSs,9,0
260,zMrc9g13,15,0
244,SFwAWIWZ,1,1
88,YnVcayB2,20,0
115,wH3PPR3n,14,1
168,TCyKL0EB,4,1
124,zqb2NTxI,18,0
140,uQ5rcZPX,11,0
52,hAtj3pBg,18,0
29,j78dGtmD,11,0
124,OIZtU1vs,11,0
221,ql9WJ68h,9,1
55,2GK9LThY,16,1
98,pp47lGeU,9,0
15,FaXqhupw,3,0
59,MCaQp9na,10,0
191,iN5j3npZ,9,1
127,VBVFPAdX,8,1
53,QtnrmXFv,17,1
31,HdiE2opC,5,0
168,wJoS7ubg,18,1
240,aAImL6kp,5,1
87,RhXS8zYV,16,1
34,eW4CJImt,20,0
220,jClOHawh,4,1
248,PGo3HwBY,15,0
37,3pdpP1RI,13,1
182,tY35wwjn,10,0
283,BsVoUOF8,18,1
283,meWFmwLQ,1,1
208,CIaFkgnx,2,1
226,LOuAUF8e,17,0
15,FXhRFHQz,2,0
195,JshzTQbE,12,0
64,g8R9bRuf,6,1
247,AOSoTojK,6,1
215,Gwpd3E5V,2,0
170,3oID8U0L,4,0
239,AG6dAYOC,5,1
238,TW9Gh87B,4,1
78,9EVchBUa,13,1
262,H99xAv76,13,1
176,Ul9RhPrd,10,1
47,uHbGmewB,9,1
274,gvQaSs1Z,2,1
278,2H7CilJr,1,1
5,WKNdlocf,4,0
89,cJs9RuB6,19,1
155,c8mAOjCM,17,1
70,sktrxQqn,16,1
120,brqNE2w8,7,0
284,RsjCFB20,19,0
147,EcOgEWCx,20,0
294,LHT0tTJ0,19,0
260,rOhnr0WK,19,0
129,F8UPPfQV,3,0
92,QmC92Pgm,20,1
248,lGOdqwf4,7,1
145,ReIjOHk5,5,0
286,XkyU31IC,17,1
182,hcQwtTfZ,16,0
31,T7soEU4N,15,0
90,OYAASE88,3,0
165,h7cyfRlA,1,0
300,4NRhtATZ,8,0
183,rpFXDrZ1,19,1
132,G9wHJfoc,20,1
41,i6rGZTPa,13,0
52,VQMhz8pI,12,0
48,zY4N4bly,18,0
15,KIHRS5PM,15,0
228,FDgypyCM,7,1
264,1ulwwsCm,8,1
5,K40YLcdv,17,0
39,nOBbfAlh,5,0
157,Nga3hbdC,18,0
277,g9UlaXSJ,20,1
172,uPPi2llv,5,0
270,Xgl443pH,11,1
22,WMolyAh9,7,1
174,UPPv2GSF,19,1
133,laNX6rBh,2,1
272,EWQIWpmg,1,0
57,r8Lg9FHO,3,1
131,KzcnGvTg,6,0
264,08o1ZM1E,15,1
238,vLd39oMM,15,1
244,LF5HNVDr,18,1
151,5zfok16P,3,1
257,J0BcG25b,2,0
277,w7fb2IoL,15,1
89,1Oo33R4i,5,1
288,0dLy0OYu,6,1
172,jXZzXZN5,8,0
38,QhA5ghCm,10,1
270,aT5oUQh6,13,1
150,1hSD6Uek,10,1
47,z3yuOpyw,16,1
81,iLGpgBoG,14,1
211,nwt63sDg,20,1
291,jqYpB2RG,3,1
92,qH6LaXDA,10,0
81,LgjkHYHC,19,1
267,gv7m1sZz,10,1
286,l4iSzEu8,9,1
126,Onj72yzC,12,0
296,HPmhvd4a,14,1
278,Wo9V2lls,7,1
193,mb6JXhSc,1,1
67,409170ip,6,0
51,V31HJzKI,10,1
60,a3z4SXTp,18,0
245,ZtAg1RmP,6,1
154,PDpCBfVI,17,1
155,iRZwjViY,14,1
150,O3S9hrK8,4,1
66,P12oDS1f,7,1
65,zeegg0bS,5,1
115,2asPkcox,2,1
147,ZGQjkZ01,13,0
95,3jlrUwJx,11,1
63,nSXSGxBw,20,0
84,73HElDNa,19,0
87,azANxbiq,1,1
206,FHsAAjZ2,16,1
202,o3YfiHyu,12,1
100,bFl8UDBv,14,1
42,0DwrqrVW,4,1
137,VFIv29QV,5,1
124,AKg5achd,8,1
187,FNWM6eOu,18,1
261,bt5W6kmC,9,1
71,pYO3uknT,18,1
89,HTxHIVWH,3,1
40,M9GHqLRZ,11,0
185,BLZHLQqI,10,1
58,VanB7SoK,6,0
153,9SjhFFEM,13,1
48,W7zhKXuf,3,0
5,trpo3w0D,8,1
58,U7YgIpyb,1,1
35,uo6gpHrw,18,0
138,naaphtDF,4,1
281,w8x25JrK,15,0
221,3Lign9kL,7,0
28,85rYKDFk,8,0
47,hFzVe2JU,20,1
127,jgAFGUsh,20,1
218,pcugq0io,2,1
20,uGOrLdDe,10,1
85,BQCApdcs,14,1
21,CgI3GgLU,4,0
296,IetgYiez,15,0
286,Ip65Nrr9,10,1
2,5dvWkxx7,9,1
241,vHmUMUNC,16,0
154,6rRyvwCS,18,1
190,mvcRvUE8,2,0
125,3YH0d3dW,3,1
38,KEXCL4Tp,1,1
18,ybRehtiQ,9,0
118,7vxt3MaG,11,0
106,eijIxxU3,7,0
167,xERTupTG,1,0
297,AQaodH0w,9,0
205,Vu3ffc1W,10,1
276,6FjUEHXU,20,0
90,SkzRmU4w,2,0
277,pz1cmzPC,12,1
259,zQRfGrYN,20,0
172,KQOe1PIt,10,0
31,tpxMjLlf,8,0
261,9y2LXi51,1,1
234,DmGzvh9W,5,1
55,W8e9FNQD,3,1
177,hihB3Mno,16,1
150,oGcWIF1l,16,1
213,BL4RBjwV,1,1
100,0xQKnZSU,18,0
143,BH9FV7AK,9,0
147,9VT7I8zO,16,0
123,mXK5ZeTv,10,0
107,z7Ex66rv,5,1
110,tTUFlMIt,10,1
257,pPzj3Jy1,7,0
284,CZdew13u,9,0
56,Li3YaIdK,15,0
66,iFq38xpj,13,1
222,ficfnHS9,18,1
54,OmoIuGnr,2,1
31,rvycwIjG,4,1
68,JthdbYlu,10,1
1,K8C6rJPP,5,1
74,tatbpLyK,20,0
113,z6r0Wbe1,1,0
86,mfJIcRqA,10,1
221,xzG6hz9y,13,0
174,LccvSPOJ,20,1
239,HgqWqqyc,18,1
268,on9kSr4Z,20,0
233,SOLQMmw1,18,1
232,1xuBOZYf,1,0
259,FBIkCKtD,12,0
238,Cb0RV7d7,3,0
207,e7xcpL68,3,0
166,KKCY3aOX,6,1
262,IdprLsNJ,19,1
210,LahRr56m,20,1
235,l9VSRe6D,8,0
76,uETEu6dK,7,0
139,KM7q2wB8,9,1
96,ko8iNQt4,18,0
204,gvsFO46n,15,0
221,u6t1ve49,3,1
113,1ZvAm390,5,1
229,J6XW6nKE,3,0
26,iGnvqly4,1,0
259,zFbbkG2s,9,1
157,0RNYojDU,12,0
200,c3o5PHzZ,17,1
296,Pmm9KMod,2,0
289,QnHVSD72,1,1
292,uzgWI6A0,18,0
42,WYFWPouo,17,1
3,z22utk5F,19,0
274,a2lYl4nM,18,0
141,CZLvVvdj,7,1
205,SOiswBtk,18,0
10,Q7DUqcog,20,1
88,TuUmqNi9,3,1
277,pioB64xu,16,1
206,GSff0DkH,11,1
130,q5MSpW8T,18,0
269,8er81DcZ,18,1
41,DVoX3oNs,9,1
174,jsCZ5PhC,18,1
202,LsrnCEOv,11,1
103,qaN7exUa,5,0
149,1shiQpDJ,13,1
182,DdAaV3GR,5,0
239,Dy7Fp1Aq,20,0
276,FVwi5PMe,8,0
156,pZHlXTeN,3,1
119,PDg6s1yD,16,0
108,ydwsDah4,8,0
147,5PDOfsho,12,0
277,I9StGn2O,8,1
239,Ix7u7jAa,10,0
104,VQwvQFZX,15,1
173,sHRpJTAx,20,0
238,63VTsfzI,12,1
146,DMSLecfP,9,1
140,4XyqumoA,20,1
43,ACHlgB4l,5,0
223,MoFMgcGE,9,0
203,AwVikgem,16,1
244,MhFAFLHR,3,1
218,CowWqhlZ,16,1
222,hmjxim0L,15,1
116,poELLTX9,15,1
216,Gg3KQLbW,16,1
60,nNSAJT3r,14,1
176,6cTPqVP1,18,0
279,HcJjXxF5,14,1
259,VAYPytWN,5,0
208,HgHtFEoB,14,0
66,uYZf0mnv,16,1
214,DaLjzTnf,8,1
180,ulshDq0F,10,0
185,3lINpc35,14,1
139,2s1Z6OnG,11,1
65,VEKvIJe1,7,0
41,M3rPGAHW,19,1
10,fqBNm4uG,10,1
214,yuvnNQ6u,6,0
252,lE4Dgh8s,20,1
295,7dnufPup,11,0
164,P2L03yx0,10,0
163,FrcNWK1C,4,0
22,ZsamCXp1,12,1
96,22NGRjTK,13,0
71,shG8Q8zG,3,1
79,kH3BC8bD,17,0
6,BDpKzMy0,15,1
109,8SW41zqW,11,0
122,0SkbVzX9,11,0
155,wDj8KsvU,5,1
205,HnLXsfin,11,1
183,WNPPM03L,11,1
82,FjvMeY5F,20,0
99,kOmEUek2,13,0
256,HYHcBjXR,8,0
66,QTlvztw6,5,1
58,rQqmlYvv,16,0
56,z92aonS3,9,0
68,5Y2xs2Yo,7,1
161,RKsA0P19,6,1
296,4EAIsG6c,8,0
261,H4kEKmJF,20,1
84,FY5jLGQ7,12,0
49,YhkZkBF3,10,1
115,3xrgZ0rT,17,1
252,cHFZdCzI,13,1
108,0IBTgQfM,11,0
19,RKrJ1wWL,17,1
151,aqfPW1GR,16,1
54,iCBX9LYY,12,0
238,GHheya6F,19,1
56,Uf89RSEm,18,1
216,FH3PYUHN,19,0
256,FWXXxUSi,6,0
272,r11Q4xd5,13,0
23,U2wefqWJ,14,1
120,dZpjDvOS,8,0
217,pIlSkFC7,10,0
128,U7IWDawX,1,0
29,8XFii1Ns,16,1
99,F5gYihMC,20,0
95,yzPM6IRX,3,1
135,JPvK6py7,9,0
277,2w9I2Cyy,5,1
169,KkUogKPo,11,1
125,UMDEHj9Q,7,0
88,BijOXCoX,11,1
61,U3bi90WB,13,0
192,c6cU7OF4,3,1
23,snDiAGlf,19,1
112,sUISj47t,5,1
160,mrpuIG5d,10,0
226,lB6a3gQP,8,0
219,surwdxVc,11,0
201,UOJuNOIR,18,0
146,igsWlWef,13,1
167,egkevHFT,20,1
125,lB3zK6Uu,20,1
115,E1yMFQ39,19,1
159,l9qLASxs,14,1
105,g0FwAmMh,3,1
291,DjBeVQOg,4,1
93,kV0IYc8M,11,0
134,GD2skuGi,16,0
62,FO7hP3JO,11,0
158,DSt6ZYZn,7,0
172,diWNFqSU,16,0
273,aVD1fDfu,16,0
256,AGMTdGUy,3,0
272,iQgbZY9M,20,0
223,9wWKAlxk,17,0
182,LqJUjGgw,4,1
175,szyws5ni,3,1
277,DQ3w67Tw,1,1
245,4yXYwHfe,19,1
231,zWHrxN4h,2,1
134,ScV4bJ8H,19,1
27,ZFyE7VwC,8,0
23,YJ0LCSwB,3,1
45,vGE4COlM,1,1
120,zBAbGvS1,13,1
294,Bgm2kYtZ,10,0
33,4EWujhYG,2,0
210,BO5F0qhC,18,0
105,e2FCSqa8,15,1
233,7STpEG3W,8,1
251,IaDXJ6OK,6,1
133,bJyKTOkV,18,1
244,HFfVORtr,16,1
141,DmJkLTgW,15,1
191,byvyEJCg,6,0
41,SwFEv4Wg,6,1
181,pru3Ikka,20,1
28,Q1oAdBMp,13,0
150,Xf4HZgyJ,13,1
140,fQRc27Gi,18,0
201,LJbpJ9Pq,5,0
83,Y7bPcyQ0,18,1
205,QqLt1bNQ,2,1
262,i3YF1HOK,20,1
64,NuY0y3fK,11,0
210,F1ZvAosX,19,1
144,hAeBbl8D,14,1
215,PlPlwkhH,1,0
108,yfnS6QGt,10,0
143,J0gXxtwH,20,0
186,R7iKWENk,14,1
158,9E9CowPY,12,0
35,MBkJLzMl,20,0
149,IRyechN9,19,0
189,JBT3PJ1v,13,1
102,JZxOTLP5,15,0
31,T0CSPzOl,9,0
281,W8BAHoMz,14,1
230,kr68cqah,4,1
132,wArYaysO,12,1
14,IBmAam4k,10,1
160,TyxrX1yX,19,0
250,4SHCBsag,2,0
241,JEalYEQb,11,0
74,JthffkSe,8,1
5,5V3ZkJnj,16,0
165,0o0bUudy,2,1
91,3qYX1EsW,20,1
191,OAc6v5b3,11,1
90,CiOoSraH,14,0
46,f7r18MoV,11,0
225,1ogue9XN,16,0
101,1ERiggLq,10,0
145,afWyYY6C,19,0
98,vAl4RUVG,5,0
269,RL3y4frM,12,1
118,8DPpLsMl,3,0
267,7P5wimqv,20,1
75,S56lPlPQ,15,1
210,65yGjA4Y,6,1
284,3zIRMbko,10,1
132,1H4xpgKi,4,1
13,SSnpdtmH,20,0
105,dOfAMoQQ,4,1
26,ope5TPKH,8,0
285,2Qwy4Aom,2,0
187,IS2hQK8R,5,1
114,PN0EzRgH,17,1
200,kXeMnWa5,2,1
186,XuwjGujD,20,1
267,CGQapA41,17,1
259,vaaVfJCy,19,1
224,X85pPM6J,8,1
269,97YHdMsA,20,1
235,QTX5wcS5,6,0
34,LOqomTxY,4,0
39,n1zyBdQP,19,0
131,NU7KqHK8,4,0
77,upzYwm9e,12,0
44,PHUFH0vw,2,1
145,qd45bJot,12,1
67,5NpMHSS0,3,1
109,SCCRLkke,13,0
292,H3R07X4V,12,1
281,7r2Tiaa3,19,1
234,X5y1nYdb,17,1
276,RukEd4ip,6,0
27,mB9DheWh,9,1
27,uHxaKdyM,10,0
24,8OS81UAu,19,1
261,YaKPV2MQ,16,1
134,y2YB8m80,9,0
195,cCvcdIHG,1,0
152,NCAgWL7M,18,1
294,8rXDCbpR,2,0
239,y9jVjmoi,2,0
88,04XFU1Eg,8,1
126,7pNmhz28,9,1
38,W3OxnHzO,12,1
90,zsN3v2Vg,17,0
71,P7xQlK1m,2,1
233,5g5BbP4e,13,1
187,eoZ8tEuW,11,1
114,Xv2xXPWo,19,1
195,ztFdIZFQ,6,0
137,BJwcc0kz,15,1
98,OhOcxiC7,4,0
219,eFn7K6DC,5,0
111,5FtVj2tD,7,1
112,x4tiRiEm,3,1
128,VPROkCED,13,0
296,eXYwt9zz,20,0
96,ypiiMOgQ,1,1
248,WG8zixvx,10,0
113,Om0AGurR,4,1
114,vMPwl3R2,8,1
143,JjUZo5lO,10,1
270,yOqOGFa8,4,1
158,wN2uuu2R,6,0
117,CNrocYsf,17,1
225,qMSDSfJD,4,0
10,y6jd987t,19,1
103,D7QEvYlV,18,1
68,KBCwNhVN,1,1
258,1rJwcfjG,15,0
274,psN8yAV5,13,1
102,s8pkTp2m,8,1
259,uTykttQv,4,0
111,Sa0FKj2v,4,0
262,4cgBb7DF,5,1
56,oHGTWqzZ,6,0
272,Tvi0qMuW,10,0
233,YoTv858k,7,1
252,IB8lZfh0,6,1
198,nKcPKSAI,9,0
143,04k61k8j,18,0
286,ATZckNci,4,1
145,lHOOmQZd,17,0
214,5rfJPE5L,9,0
297,sNELHmPj,8,0
298,LMGW4RVg,16,1
127,yTbqQYmi,15,1
212,987np7Ar,12,1
45,hqNBM8Hv,17,0
19,b1QavgRC,1,1
71,2IOrZd2e,19,1
170,iaRGsMDX,5,0
214,qRQhsiqw,19,0
3,kRAhe6Fz,13,0
41,yLEbAm35,20,1
132,q4E9Pgr6,1,1
249,H11Ov6wa,1,0
192,E8xM78wf,20,1
211,xkoBtDgy,17,1
91,A8cV90ru,7,1
255,VbiT4Y1P,3,1
234,yytx7FQw,3,0
12,pGLlIngp,2,0
77,eUhxO3FA,10,0
49,wuAbnwaE,2,1
202,DifytI2J,3,1
237,aMkXASUp,1,0
255,bnhhkohE,13,0
191,Dqx0JRc7,20,1
263,ST78pOwL,3,1
65,9NYKwSjI,14,0
4,6cnYOw9e,4,1
258,JfRskNfG,14,1
228,JsRVAph3,18,1
2,RTlJt5Ut,14,1
111,7BfVw95S,9,0
267,YHvKzUt9,16,1
194,JiORelxq,2,0
157,KqqZH5Dq,8,0
112,LYcjdi18,17,1
65,ewaH1ZcP,16,0
275,xZsliayA,16,1
278,vX0hqyg9,12,1
130,zy2RNo17,20,1
229,wMvfDm2l,14,0
241,zkZO2QNz,15,1
10,FRPvQf5i,13,1
236,gBl13jna,6,1
297,r1ZlC4j2,18,1
72,Vo8zn3EV,16,1
12,MoHEkHXo,1,0
131,HI00Qkqr,2,0
19,Rdo32bKC,2,1
279,PeIvX3ow,1,1
282,rnbrXahS,20,0
227,dDAXjG1X,3,0
248,UkAuzT7N,9,1
232,MThgQjXL,10,1
269,NPyjkvtw,15,1
135,Hgcn16aU,7,0
107,qOpb1NTE,15,1
72,34O92Doa,14,1
40,OKKTjPPy,8,0
188,y1rMxclO,16,1
172,jrtALV9L,12,0
227,5YsWRujT,6,1
213,T89Hg2ON,13,1
89,GiDxwVPy,2,1
175,GXl53fDg,2,1
174,YMFYBX5l,8,0
33,LGmUeKZe,9,0
249,ubGpPwdy,17,0
208,tWDvaPvY,5,0
107,dymKkXwi,8,1
30,Y9mrMIyx,4,1
114,4QATqsjW,7,1
257,9exJoSOY,17,0
61,l9y3fhr8,5,0
4,Ol1OXIU2,6,1
214,LZuI6hXQ,13,0
153,arxDyF9g,5,1
81,SwMxkpCz,3,1
55,h3s5HQp2,5,1
4,Gbw6G6zs,3,1
178,ZULUomh8,5,1
262,oic41sin,1,1
63,jUaTdiDb,3,0
82,wqiuQW6T,13,0
206,4BsDZOvg,6,1
113,9lilahVW,9,1
131,sdxPTrRl,15,0
70,DLc09TEH,7,0
3,BfXJkCHS,6,1
210,d6qRCYy9,2,1
164,8EeXA9Ub,5,0
93,nHA6rQQ6,16,0
161,TzsyyDM5,14,0
144,Iy8UOLgf,9,1
13,Ku0JEoRi,18,1
52,akS6bDlc,14,0
204,XJpBYRkl,10,0
28,K75GQMRS,7,0
260,JUXtubdc,17,0
287,CfdzGgKB,3,0
271,4S50B0vG,10,1
134,L3wV7fcz,2,1
12,OzoSn41D,3,0
184,PCI7JmWn,4,1
164,bkO4mlxh,7,0
159,Tbtq2PB5,3,1
123,Zf3AA4Ft,20,1
28,7qdyjaer,17,1
258,DyHbt5Fc,1,1
34,XI0slhrM,6,0
298,ASpw1jAr,5,0
111,bgcaiOz3,12,0
244,PtE3cj57,5,1
153,0boef6mZ,8,1
73,OeztgldE,17,0
254,cuSh3JLP,8,0
188,8aZeA3qL,7,1
222,LN6IBlHF,20,1
19,f5KjVVQT,12,1
3,K8TIkSLh,7,1
254,dWdqRccg,4,0
67,hG40jeXf,11,1
245,XoESJdmW,11,1
281,gbpXg8uV,20,0
83,MwawZoWJ,8,0
263,M2wC8ggT,6,0
278,xk3dsR6h,20,1
64,Iz2u6j5v,1,0
121,gmKTAwe8,12,0
164,pSuLzBVz,8,0
299,2yPCYFwq,10,0
266,BWe7y5vm,8,1
25,mRzTu4zu,10,1
286,C8258dA6,11,1
233,wRUv0EfV,3,1
167,0zMPchlC,6,0
280,WoFC8CTV,13,0
24,rz1lQZLN,18,1
266,iHhB5wLB,2,1
202,D8QNnhrq,6,1
286,6a58Tnob,20,1
270,NJ9yNzta,15,1
182,d3MYLp1X,17,1
300,Bm5RIj9F,5,0
267,7IzyTiJJ,12,1
156,d5Q4pEZV,12,1
51,Yv6fk4QJ,12,1
87,3KB5s0Pj,20,0
184,x4YaOmD8,6,1
152,EqDoNJKR,10,0
300,GVagNAr0,2,0
147,jSZO9KOn,18,0
26,9BV2D1a3,17,0
31,I2iMuImn,16,0
167,d9uRxtw4,17,0
60,Au5ga1CQ,3,1
106,tQqbiP08,18,0
121,ii0rKv7G,1,0
112,MlEEvqk1,6,1
33,R5Twxl2g,6,0
11,bK1gEAC5,1,1
240,AAaWpV8I,19,1
174,QIIT0Q1n,14,0
203,qsFFPfus,9,1
40,5EKExeqc,2,0
268,XMLB6rqk,9,0
113,GFbRxUCl,16,1
295,fsaVo496,6,0
90,Xq8WAxT1,20,0
24,vck5S2P4,2,1
148,wI6tM6yN,1,1
50,TvI799qK,11,0
278,hkuxhp7f,13,1
270,KT2bn783,9,1
136,BR4D1lDN,12,0
62,sIxBQuam,16,0
270,ep0wfhlV,18,1
39,ABMsSFO8,6,1
47,6I8PeBFq,5,1
265,GfV1oyBO,20,0
30,63UEf5j6,9,0
163,HhGbng1Y,11,0
217,mXknMOAz,15,0
202,8Noiw0Mk,17,1
91,ZwyA7Riq,1,0
159,7Ce8qp3G,6,1
254,8LC41A7Y,12,0
68,2sJPHH4V,2,1
136,QYgGP7QP,2,0
216,RWXeoWLP,2,1
227,J9N3EJJJ,11,1
103,fcTPLypw,15,0
27,xBszwkJW,14,1
250,n3DLQsI7,8,0
119,nBfSLQQE,3,1
116,mrIdOyEC,10,1
278,j9Xo7KH1,11,1
275,894FA3Em,20,1
135,hqGMeTTH,3,0
117,CbJ2VYzY,3,1
86,odbpF2l6,8,1
209,Kja2KBVb,5,1
3,C33AdEgE,4,1
58,7fXGn1z0,9,1
142,H9BX70Kv,2,0
271,txZMRp3A,14,1
285,WbKSfqzp,17,0
198,IGxGzg7r,11,0
150,Hb17Zqmu,7,1
60,nVhDUT9w,12,1
100,YBGKfR0J,12,1
298,g80vfJGp,8,0
224,MmX2sRj7,10,1
119,DBIxXjz8,10,0
226,BhMALCFI,18,1
22,bSPIrNNP,1,1
110,L9WIvrWd,8,1
157,n12qJBay,3,1
69,ZeyNul6l,12,1
